{"type":"FeatureCollection","features":[{"type":"Feature","geometry":{"type":"Polygon","coordinates":[[[103.98510698616359,1.3913825517682075],[103.98491475872035,1.3915135590776846],[103.98482778869499,1.391575952943516],[103.98478809277104,1.391596941204254],[103.98467261875865,1.3916410027970207],[103.98465640334629,1.3916453854726676],[103.98462614711872,1.3916548551804704],[103.98458223791371,1.3916639739724939],[103.98452467394499,1.3916729163897663],[103.98443709950456,1.391684230166161],[103.98428655520604,1.3917036040429578],[103.98415339104062,1.3917495396824906],[103.98402727298995,1.391744996145485],[103.98389949966061,1.3916963298401126],[103.98388229982635,1.3916931521160336],[103.98368144761315,1.391651664786231],[103.98366975866419,1.3916472495412155],[103.9827202537638,1.3914333764085645],[103.98261305311615,1.3914095072012256],[103.98239278839303,1.3913581299950657],[103.9822529635791,1.391340719077945],[103.98201840667905,1.3913268692049938],[103.98182888224028,1.3913330706633176],[103.98181546938399,1.3913359292937637],[103.9816830106839,1.3913838923289195],[103.98156910738153,1.3914001934069753],[103.9814333756405,1.3913982096775441],[103.9811765758569,1.3914783920702654],[103.9809623347373,1.391549753331776],[103.98090053438034,1.3915653863914816],[103.98080281615223,1.3915808770116889],[103.98070338370356,1.3915861312722881],[103.9806326754865,1.391582809476219],[103.98056955364288,1.3915746515826133],[103.98047933284437,1.391556609816993],[103.98041039097802,1.3915347557350373],[103.98027697314151,1.3914760837254274],[103.98026286406122,1.3914672580450909],[103.98013504685929,1.3913909244069171],[103.98007232916255,1.3913356176058176],[103.98003440864808,1.3912963336264228],[103.97998795561507,1.391248208241051],[103.97997388494693,1.3912065669077702],[103.97997202980557,1.3911987651001823],[103.97992256591172,1.3911257672567587],[103.97982445110632,1.3910341977778151],[103.97976064993743,1.3909237114381636],[103.97966662725983,1.3906716781814394],[103.97924783289639,1.389941657801306],[103.97918472621485,1.3898430329971625],[103.97912217317302,1.3897608901390093],[103.97906824495105,1.3896981986481476],[103.97896830767029,1.3896023932078054],[103.97882803708008,1.3894937383851487],[103.97878960623194,1.389469239812705],[103.97867085764585,1.3894230641528627],[103.97856343103882,1.3893463547428064],[103.97846199383045,1.3892318779278883],[103.97845567748364,1.3892275355756774],[103.97834775289539,1.3891625105317869],[103.97827679274629,1.389108394319334],[103.97816125156086,1.38903863992653],[103.97802917001621,1.3889786961527755],[103.97797244515816,1.3889551148100476],[103.97779964477034,1.38888133137625],[103.97771403271358,1.388845816947888],[103.97728232994122,1.3886583250394782],[103.97710590367211,1.3885817011733326],[103.97721565743122,1.388493633178884],[103.97767408424046,1.3881257841514458],[103.97768791162451,1.388098158683014],[103.97773171495925,1.3880624753227908],[103.97774154367023,1.3880642056663157],[103.97775990030227,1.388058553184771],[103.97794932997563,1.3879159273837662],[103.97809393811845,1.3878221262724029],[103.97822668442743,1.3877472966702413],[103.97834367084043,1.3876905896241345],[103.97849080840514,1.3876257215641752],[103.97852580232349,1.387608479564999],[103.97858543716269,1.3875801440525537],[103.97875047806211,1.3875473163896745],[103.97891650143194,1.387519962753291],[103.97910284735008,1.3874698224649773],[103.97922264408626,1.387450950964158],[103.97953121094848,1.3874092109024099],[103.97969435200025,1.3873726301950762],[103.97977955841782,1.387358628091641],[103.9797991361761,1.3873525848351425],[103.9798300210241,1.387337354373166],[103.9798668253841,1.3873027584559934],[103.97988255317267,1.3872743397344838],[103.97989059320172,1.3872384587036013],[103.97988825728366,1.3872007270920446],[103.97986994602591,1.3871549820271971],[103.9797940224776,1.3870909362804118],[103.97964705571255,1.3869801629912961],[103.97947612890613,1.38683222374367],[103.97942444057448,1.386793622487894],[103.97941756530021,1.3867889536979967],[103.97926079192122,1.386713809203759],[103.97924516149027,1.3867033747493167],[103.97912279103497,1.3866008096873],[103.97905060658246,1.3865089075462225],[103.97902640233161,1.386475095883523],[103.97897776787705,1.3864154182888186],[103.97890264746961,1.3863328846015313],[103.97882828698256,1.3862457946923732],[103.97876044753157,1.3861600509711356],[103.97862682401484,1.385964532707295],[103.9786242341202,1.3859611559822975],[103.97855685135617,1.3858491206350723],[103.97848726522318,1.3857211144013681],[103.97845180038675,1.3856482612456147],[103.97839901011793,1.385530406331993],[103.9783336438721,1.3853608200140384],[103.97825201129295,1.3850815836041739],[103.97823822610918,1.3850195678787567],[103.97822375562765,1.3849479044693391],[103.97820475230989,1.3848394853835582],[103.97819477475656,1.38476881378163],[103.97818707142889,1.3846970956937326],[103.97818087951906,1.3846256632909542],[103.97817641009097,1.3845528588661402],[103.97817326426278,1.384480077873273],[103.97817208276632,1.384408135102491],[103.97817277388171,1.3843359552739045],[103.97817495086794,1.3842428873216612],[103.97818101342816,1.3841373968241197],[103.97819064249997,1.3839591131641116],[103.97820178080654,1.3837747747124698],[103.97821119320197,1.38359450960991],[103.97818774113426,1.3833982682712553],[103.97819773259658,1.3832391470993444],[103.97824588822594,1.3830207499359164],[103.97825292881389,1.3829215510190929],[103.97825336086368,1.3829040398451096],[103.97826719673729,1.3826613319411183],[103.97828135297752,1.3824264594033087],[103.97829126205603,1.3822424574482506],[103.97831075163172,1.3819386179909234],[103.97832500536819,1.381681552420402],[103.97834879316927,1.3812798608071029],[103.97837041741155,1.380911160425723],[103.97840179126376,1.3803960162212414],[103.97843082379504,1.3799164316453483],[103.97841750474144,1.379761008930554],[103.97842520471227,1.3795997427516369],[103.97845849574571,1.379434495812522],[103.97846197156863,1.3794073104986255],[103.97847824259553,1.379076105261978],[103.97848375154479,1.378939483062457],[103.9784823744944,1.3787541976036946],[103.97847624899735,1.3786513268813878],[103.9784591039339,1.3784974146827766],[103.97843036641032,1.3783285993200185],[103.97839976565076,1.3781960001234115],[103.97835110380024,1.3780216865581996],[103.97830201510081,1.3778765024950796],[103.97826302744569,1.3777793592937806],[103.97820710452,1.377653827417088],[103.97814787144601,1.3775461360765835],[103.97805948819968,1.377399426941649],[103.97796365632162,1.3772610835992658],[103.97787223776352,1.3771447973554154],[103.9776748988693,1.376930792276008],[103.9775462067727,1.3767999028510376],[103.97746306622682,1.3767193112258973],[103.97744541737715,1.3767037663276247],[103.97696704261111,1.3762179064226308],[103.97660908587692,1.3758610426616167],[103.97634343476503,1.3755938470342752],[103.97603188180202,1.375276570596665],[103.97589840929415,1.375142317124652],[103.97572794014948,1.374965108695893],[103.97560022746427,1.374830149455556],[103.97552030360272,1.3747440228619634],[103.97544342590518,1.3746580317368142],[103.97533415277775,1.3745380114254921],[103.97525486691288,1.3744517672155723],[103.97508117200738,1.3742746584018564],[103.97479604911076,1.3739898639451547],[103.97480841445255,1.3739768259332008],[103.97515642474708,1.373623866349406],[103.9753194872893,1.3734584850679221],[103.97542547212795,1.3733592539985784],[103.97550532169093,1.3732990178428348],[103.97558994582636,1.3732469052778515],[103.97566547986644,1.3732071233189571],[103.97591131846835,1.373132216596456],[103.97632826970299,1.3730421786340912],[103.97711759475195,1.3728585393004071],[103.97835335530966,1.3725679733862817],[103.97843896357294,1.372550516700016],[103.97893369553915,1.372430588026419],[103.97907886788674,1.372380026235387],[103.97916608942498,1.3723388299405535],[103.97925296009657,1.3722906746040122],[103.97926384034257,1.372282125008552],[103.97936706755058,1.372217528279758],[103.97947998234785,1.3721254673072205],[103.9795573040121,1.372049233033673],[103.97964760141701,1.3719503391871182],[103.9797328100141,1.3718184400810365],[103.97983585987856,1.3716160611888717],[103.97988380749686,1.371483542173602],[103.9799354645215,1.3713087277599514],[103.97995511528795,1.3709835480694328],[103.979934928167,1.370807975705737],[103.97989318760303,1.3706405656250817],[103.97984362105386,1.3705114855699128],[103.97978468243583,1.3703969599762156],[103.97971163212019,1.3702873802957645],[103.97964435245633,1.3702081479104173],[103.9798044745935,1.3700913497488312],[103.97993519419528,1.369995998508211],[103.9800009051455,1.3699600325341714],[103.98004983768735,1.369947772710891],[103.98055590935977,1.3699819814979282],[103.98069305509878,1.369998118576243],[103.98089264769851,1.3700145366511027],[103.98108525376209,1.3700280937434526],[103.98115268554217,1.3700376287606624],[103.9812767026013,1.3700437698103058],[103.98153544378896,1.3701103138025228],[103.98169568733934,1.3701723393858636],[103.98192353868058,1.3703002461670641],[103.98211818498086,1.3704524588027351],[103.98226228238012,1.3705900492537229],[103.98235811382332,1.3706935510126133],[103.9824601590032,1.370813726989062],[103.98255135696583,1.3709239402928735],[103.98261254179059,1.3709892566553379],[103.98273298110027,1.37113073369054],[103.98275390254024,1.3711611125819398],[103.9829189931578,1.3713549764435178],[103.9829659256103,1.3714169376062917],[103.98346965714605,1.372018982491951],[103.9836507446862,1.3722351549630618],[103.98365521718902,1.372240427105689],[103.98378951809048,1.372398727025686],[103.98380819318581,1.372429919067645],[103.98407287189181,1.3727463961312583],[103.98457569214513,1.373451664547087],[103.98478160919365,1.3736971384326557],[103.98489583510232,1.3738375558110032],[103.98539770675535,1.374440272224667],[103.98683706383082,1.3762655028855155],[103.98728528479165,1.3772758141136097],[103.98742876546251,1.3783763532605695],[103.9874647391402,1.3802526963553665],[103.98742909777,1.3835363029028651],[103.98742847023789,1.38629986520978],[103.98742846810416,1.386308557926629],[103.98742843735499,1.3864444824633744],[103.98742863153308,1.3864736110099694],[103.98743583349892,1.3865693461800521],[103.98742955404265,1.3866353368997137],[103.9874050941658,1.3871662788200911],[103.9874024084498,1.3873209518350762],[103.98740407217413,1.3873420233342393],[103.98740458199276,1.387680418857844],[103.98740902937891,1.3883937901696533],[103.98740730979198,1.3884120538499358],[103.98739604998367,1.3885126647336963],[103.98737948821697,1.3886075531695974],[103.98732488507835,1.388809907491651],[103.98733433356631,1.3889067720592392],[103.98730580253962,1.3889978457812644],[103.98724673434538,1.389088674614213],[103.98715966806306,1.3893693152510411],[103.98702495009304,1.3897293085331834],[103.98699646487019,1.3898203071882962],[103.98695315635922,1.3899607554569102],[103.9868572384209,1.3902732518745637],[103.98683514808995,1.3903464016442213],[103.9867266659696,1.390445744641509],[103.98661287703466,1.390547846282124],[103.98646774378143,1.3906744653793808],[103.9863127478329,1.3908023231825906],[103.98623879477095,1.3908529152398725],[103.98608039128109,1.3909509573780445],[103.98602900644595,1.3909817297949876],[103.98595575586265,1.3910432736093072],[103.98593796006811,1.391050834320182],[103.98590647586563,1.3910659563786938],[103.9858897332485,1.3910742595010153],[103.98586877905039,1.391083198662897],[103.98569969670677,1.3911508260071255],[103.98544168317495,1.3912311120245302],[103.98539127991373,1.391239206610878],[103.98529075807524,1.391280936723237],[103.9851979227833,1.391324820521537],[103.98510698616359,1.3913825517682075]]]},"properties":{"objectid":321,"name":"Changi Tree Conservation Area","region":"Eastern Parts of Singapore","more_info":"https://www.nparks.gov.sg/gardens-parks-and-nature/tree-conservation-areas","fmel_upd_d":"20160914110917","area_sq_km":2.1904}},{"type":"Feature","geometry":{"type":"Polygon","coordinates":[[[103.79526287744702,1.3494871290154447],[103.79489788358075,1.3495709876480508],[103.79460832094571,1.3496225580140018],[103.7943501552206,1.3496589391499214],[103.79407933603113,1.3496889252931128],[103.79393675727675,1.3497023591124802],[103.79305140999983,1.3496317742658246],[103.79285212164233,1.3496158857788532],[103.79261404598849,1.3495966215351682],[103.79244449205424,1.3495759430982834],[103.79216537861417,1.3495293500385128],[103.79196998236894,1.349488521893882],[103.79181016199824,1.349449017429833],[103.79169555967641,1.3494283896242307],[103.79167004138127,1.3494293550455214],[103.7916463040383,1.3494302526699402],[103.79160633146294,1.3494313652526155],[103.79156042774228,1.3494168665973405],[103.7915215633234,1.3494045918945365],[103.79151428590441,1.3494022928748612],[103.79142294301573,1.3493737088625126],[103.79136975199182,1.3493570640210912],[103.79134247833888,1.3493327949342837],[103.79131745552215,1.3493122256402297],[103.79123781113397,1.3492772895702083],[103.79106058955644,1.3492188057673085],[103.79086438335662,1.3491489709432853],[103.79076951821855,1.3491147626039501],[103.79068084773391,1.349082782723615],[103.79047601658311,1.3489942554131122],[103.79037267907323,1.348950857663841],[103.79003145793081,1.3488075577857868],[103.78988615674167,1.3487099272574408],[103.78973858372422,1.3485772317672284],[103.78962264886046,1.3484578355155787],[103.78952461696714,1.3483380597499208],[103.7894018288002,1.3481680696142417],[103.78929802515172,1.3480157185372097],[103.78918979840073,1.3478353022416114],[103.78912863882721,1.3477274131914645],[103.78902451974193,1.3475295816228208],[103.78897375017847,1.3474258257034375],[103.78852372156969,1.3464474066084662],[103.7883208543161,1.3460028156062773],[103.78828503709201,1.3459360122714905],[103.78819578143066,1.345777110206065],[103.78816573097646,1.3457213022367636],[103.78814258743918,1.3456831032709407],[103.78810547799098,1.3456218644623927],[103.78808710656851,1.345591544405884],[103.78808415847928,1.345586668923534],[103.78808187800797,1.3455824988577074],[103.78805631480779,1.3455356423675913],[103.78799214384328,1.3454503722867188],[103.78785240905545,1.3452807480274112],[103.78770508835179,1.3451263847633694],[103.78759582704151,1.3450240737938102],[103.78753075338588,1.3449691188761432],[103.78742724424012,1.3448901641173423],[103.78741978539269,1.3448844746210902],[103.78741825875696,1.344883449043208],[103.78734128270142,1.34483227232888],[103.78723413687794,1.344764728760442],[103.78708495768299,1.3446760475868378],[103.78688917665337,1.3445762282678235],[103.78659550977459,1.3444426444220983],[103.78656102241534,1.3444269494216368],[103.78610251032828,1.344236410000736],[103.78558425535476,1.3440184399556665],[103.7850099396888,1.3437802118346998],[103.78490526265193,1.3437416069645962],[103.7842339123884,1.3435085171327317],[103.78402696002952,1.343440776064182],[103.78390682232309,1.3434057873902565],[103.7833732071553,1.3431726395335308],[103.7833079165552,1.3431441127358001],[103.78285619211748,1.3429820169183377],[103.78264827482751,1.342912509491895],[103.78233878690936,1.3428048547433626],[103.78207368566937,1.3427172090452135],[103.78207245734595,1.342716820142722],[103.78206470012901,1.3427143456387822],[103.78163792921545,1.342578541800516],[103.78078229539295,1.3423208547356975],[103.78072089900142,1.3423019033616814],[103.78065980093122,1.3422830234373793],[103.78057472768076,1.3422551979258164],[103.78048904161834,1.34222719604702],[103.78025323622607,1.3421410050091338],[103.77995219824939,1.342006959899539],[103.77979236344953,1.3419195839597908],[103.7797364998352,1.3418856175262726],[103.77968663582544,1.341855312994163],[103.77967889575426,1.3418497292794012],[103.77945343990892,1.341687329441015],[103.7793717784855,1.3416202862152053],[103.77925342167664,1.3415130278127487],[103.7790950560149,1.3413469676638723],[103.77884315379382,1.3410248058388679],[103.77879198178996,1.3409412749114509],[103.7787752494233,1.3409139618363137],[103.77877482801385,1.3409132907887067],[103.77874002537524,1.340856481473169],[103.77873810522351,1.340853346904138],[103.77872759964892,1.3408361791248082],[103.77872139264885,1.340825017323865],[103.77872027219136,1.3408229454005793],[103.7787040278044,1.3407929056782095],[103.77868670517076,1.3407617815989767],[103.77868456398933,1.34075793709913],[103.77864293539886,1.3406831778104973],[103.77862252462971,1.340642550603557],[103.77862212748414,1.3406417583716832],[103.77858961905122,1.3405769825624732],[103.77858906107065,1.3405758719908156],[103.77858628464564,1.340570341741932],[103.77852252485903,1.3404412531849643],[103.77850327326796,1.3403991437504694],[103.77850277099785,1.3403980449367825],[103.7784740176073,1.3403351647578925],[103.77849579829326,1.3403121274778813],[103.77850538252257,1.3403032133769566],[103.77856930706449,1.3402559545574044],[103.77857090382372,1.340255062890336],[103.7785818421187,1.3402489550613341],[103.77867787319623,1.3401960302153804],[103.77868902801971,1.3401909922534594],[103.77879408319971,1.3401435489560731],[103.77884351265514,1.3401153764083469],[103.77887624139643,1.3400915308682126],[103.77900803097644,1.339940689498283],[103.77903130631717,1.3399013176219803],[103.77905895708368,1.3398463518927148],[103.7790985307436,1.3397543102134646],[103.77914340773735,1.3396194280193148],[103.77916879532147,1.339510192252333],[103.77918530967516,1.3393991484637775],[103.7791939531643,1.3393057468350644],[103.7791917289419,1.3392370476703612],[103.77919173953217,1.3391639180755175],[103.77918601030507,1.3391237488074508],[103.77918403125176,1.3391022674027255],[103.779180799824,1.3390299860292818],[103.7791653359489,1.3389335958453492],[103.77913787345484,1.338803925699449],[103.77908825564472,1.3386134429040522],[103.77903964889367,1.3384559160628642],[103.77899410833565,1.3383253076869772],[103.77893211130777,1.3381665153398328],[103.7789230408275,1.338145379243676],[103.77883251700676,1.3379175398659122],[103.77876483880512,1.3377411086701503],[103.7787253269919,1.3376379315968578],[103.77841211500565,1.3368200420766811],[103.77839709582243,1.3367297147549908],[103.7783722289754,1.3365752207685684],[103.77836467907217,1.3365447634237801],[103.77830205086039,1.3363266800316624],[103.77829137934489,1.3362973295579597],[103.77823771991069,1.336188440194541],[103.77821433064217,1.3361398273821226],[103.77817485491131,1.335992151064931],[103.7781554090817,1.3357973343156844],[103.77815101781513,1.335757790895302],[103.77811960119892,1.335612590003843],[103.77810289171973,1.3355279040653818],[103.77802299554995,1.3350475718632133],[103.77800215449977,1.3349232113763232],[103.77797981983886,1.3348082761382956],[103.77793720101934,1.3346190261271058],[103.77790538927154,1.3344644831422972],[103.77789012741344,1.3343783493480756],[103.77786073959304,1.334160734254625],[103.777840216069,1.3339819039218543],[103.77782527064294,1.3337293092551177],[103.77780923003233,1.3334297427943813],[103.7777873871536,1.333022890579616],[103.77777807916345,1.3327753640956408],[103.7777750505711,1.3327155855574513],[103.77770634829345,1.3324957746761357],[103.7776931252489,1.3322506211537526],[103.77773594196411,1.3319870804677105],[103.77771993043146,1.3317538246958218],[103.77769220629972,1.3313569312003684],[103.77768757183341,1.3312240013223633],[103.77767336246418,1.3309660881015366],[103.77766739360979,1.330874746282602],[103.77764436934432,1.3304596263361315],[103.77763320350905,1.3302764471234754],[103.77761480302783,1.3301101187634876],[103.77759396724741,1.3299534344872437],[103.77756555003201,1.3298113039707382],[103.77753371052717,1.3296956359755967],[103.77753367638682,1.3296954243536077],[103.77744697104397,1.3294626652729558],[103.77741989890639,1.3294036277640993],[103.77736515707566,1.32928644895682],[103.77733231531737,1.329227526169735],[103.77727548272605,1.3291426964187718],[103.77715522407702,1.3289678023025908],[103.77706696267607,1.3288462058073207],[103.77697904709366,1.3287305057713494],[103.77685131100883,1.3286216698450048],[103.77673397488458,1.3284699853786337],[103.7766420935681,1.3282947663221576],[103.7764775111683,1.328077616545569],[103.77636611890361,1.3279314596742984],[103.77629933356208,1.3278258392442819],[103.77620746659574,1.327693247377516],[103.7760435354438,1.3274492551570132],[103.77594910274807,1.327294336279479],[103.77577292043829,1.3269864567598793],[103.77558863633789,1.3266600692262662],[103.77535159937324,1.3262438788860136],[103.77529303466513,1.3261521008224693],[103.77522761426397,1.3260488019008703],[103.77506530073394,1.3258037370832036],[103.77494508711699,1.3256760280682365],[103.7748245576971,1.325566335782763],[103.77466031129,1.3254425470304017],[103.77449136043622,1.3253414377991064],[103.77448683268892,1.3253387173635256],[103.7744823750163,1.3253365268869974],[103.77438048202028,1.32528650225936],[103.77424506862594,1.3252306825622047],[103.77410828557558,1.3251860968361682],[103.77380476252222,1.3251008459605453],[103.77370290414211,1.3250697207082058],[103.77353909479086,1.32500969680092],[103.77345420748347,1.3249749689640429],[103.77335413853689,1.3249270632648862],[103.77320161462949,1.3248465847030833],[103.77308968335353,1.3247837006253078],[103.77293873928491,1.3246964402600507],[103.77281513710726,1.324617340635465],[103.772754889251,1.324574487669237],[103.77255682631353,1.324399510037999],[103.77248117104534,1.324316948770104],[103.77240272505027,1.3242272529025503],[103.77219730785102,1.324038284549657],[103.77213562300224,1.3239315617226537],[103.77204593100171,1.3237215064589718],[103.77202978582494,1.323683989416632],[103.77202441626865,1.3236760046523213],[103.77201083336969,1.3236545971115121],[103.77195557097187,1.32356504198418],[103.7718840400222,1.3234493810757988],[103.77180668391692,1.323327395801939],[103.77170335356813,1.323160332752052],[103.77158995174784,1.3229774087083477],[103.77146198289581,1.3227828957728303],[103.77135101971456,1.3226026568374336],[103.7712554993253,1.3224483825797215],[103.77106690027382,1.322090694587901],[103.77104533258962,1.322043885966147],[103.77101972847531,1.3220024473563499],[103.77099607181717,1.3219492800974315],[103.77096911633836,1.3219055796383976],[103.77094477646236,1.3218652362447856],[103.77091845265078,1.3218222077437536],[103.7708821260496,1.3217474909754974],[103.77087449265065,1.3217194410252473],[103.77084969690425,1.3216195009291032],[103.77082335743735,1.3215199496701964],[103.77080896747259,1.3214701034693372],[103.77078264442017,1.3213969759208877],[103.77072729637537,1.3212506520230511],[103.77069873186447,1.3211605784423486],[103.7706767708605,1.321068648369413],[103.77066152836517,1.3209753510682833],[103.77065308793061,1.3208811830370624],[103.77064536674425,1.3207349426430555],[103.77064527865159,1.32059286975244],[103.77065579086977,1.3204828342292403],[103.77067663927774,1.3203309033961914],[103.77070699951233,1.320152584363298],[103.77072891791981,1.3200433250726307],[103.7708432516991,1.3196003224901418],[103.77095699152696,1.3191559199281933],[103.77100366768474,1.318974873737579],[103.77104655170864,1.3188035068592814],[103.77114085305574,1.3184334651340515],[103.77116867151912,1.3183158460425723],[103.77119723363231,1.31821224732642],[103.77123593830052,1.3179025035807617],[103.77123836117681,1.3178870308754904],[103.77126911094817,1.317759431292731],[103.77137931417083,1.317449866589499],[103.77149971997879,1.3169024462233276],[103.77163160372055,1.3162124540271316],[103.771632079981,1.3162112819830398],[103.77163687169949,1.3161848927561925],[103.77168092897377,1.3158735239852657],[103.77177242263296,1.3154462630269737],[103.7718063676929,1.3152042008519875],[103.77181185192764,1.314931597592046],[103.77182987362397,1.3148058633838176],[103.77189955983039,1.3145453150787858],[103.77191252988706,1.3144557706853948],[103.77198286131427,1.3138603869809338],[103.77202264257197,1.313537677361648],[103.77208466154181,1.3129758426406613],[103.7720958253032,1.3128573576415068],[103.77210042549106,1.3127992460250786],[103.77210412997054,1.3127351628697774],[103.77210625497757,1.3126638031612254],[103.77210646819228,1.3125792830977938],[103.77210624061178,1.3125155724435298],[103.77206617558906,1.3116506095042766],[103.77201383418344,1.3112834218795928],[103.77196605553455,1.3109197143594302],[103.77189095544864,1.3105269534636046],[103.77176754269833,1.309931747635132],[103.7717268668926,1.3097246616957878],[103.77168369936867,1.3095196593492207],[103.77167376830002,1.3094591119197123],[103.77165188321509,1.3093510190546953],[103.77159754490827,1.3091847376880197],[103.77157426438079,1.3091134958205604],[103.77156084288008,1.3090724228829684],[103.77154272760814,1.3089847759765327],[103.77152005079894,1.3086977790496463],[103.77149803737522,1.3085838955360225],[103.77146949217659,1.3084429225345207],[103.77135587371711,1.3078865268141238],[103.77125738001564,1.307388275753341],[103.77124732556605,1.3073397889201057],[103.77122674199117,1.3072527433520649],[103.77118289016789,1.3070712861020943],[103.77117107549353,1.3070217293618547],[103.77112097100166,1.3064988672277005],[103.771111164085,1.3063964902405205],[103.77110059000606,1.3062861457853507],[103.77109289204928,1.3061809390949088],[103.77108451741275,1.306042243780367],[103.77108058928461,1.305956292906735],[103.7710771717475,1.305861544390609],[103.77107450911642,1.3057616392084261],[103.77107287750137,1.3056826827447714],[103.77107142305333,1.3055974915985158],[103.77107203882186,1.3054406395868625],[103.77107242624133,1.3054347051584607],[103.77107655581852,1.3052578052879327],[103.77107201808332,1.3052243672119184],[103.77103364273646,1.3049415815093344],[103.77107309903396,1.3044934519282276],[103.77107426323937,1.3044695179577734],[103.771075165223,1.3044393312064715],[103.7710809836269,1.3042435500599787],[103.77108114585693,1.3042235373878497],[103.7710814541409,1.3041836006708751],[103.77108365149813,1.3041668175340748],[103.77108241116697,1.3040708445617188],[103.77108120348447,1.3040357678603764],[103.77108022297308,1.3040072441879407],[103.77107894345724,1.3039701190997965],[103.77107810097044,1.3039559033773833],[103.77107804977466,1.3039550351864413],[103.77107382564989,1.3038843535899614],[103.77106640676539,1.3037945789761367],[103.77105781347149,1.3037052284798492],[103.77104774558848,1.3036189699681273],[103.77103386993532,1.3035218834085012],[103.77102108018936,1.3034425124669142],[103.77100569557447,1.3033578418861804],[103.77098523278235,1.303256831125748],[103.77096552711734,1.3031699800149346],[103.7709403982571,1.3030658716903525],[103.77087417202912,1.302803409970561],[103.7708533950483,1.3027269626384284],[103.77083491191645,1.3026926108057837],[103.77070703375148,1.302432779242503],[103.77069038419789,1.3023764821520625],[103.7706222961739,1.3021888067807803],[103.77048491082627,1.3018814452023382],[103.7703227725443,1.3015679541185523],[103.77031296196098,1.3015425837418093],[103.77022230632002,1.3013472613937156],[103.77022039161538,1.3013434539720505],[103.7701232960605,1.301150400508514],[103.77005934824393,1.3010131724742342],[103.77001645943481,1.3009197324781803],[103.76997972923007,1.3008632965087181],[103.76992190483551,1.3007690611976686],[103.76989747771688,1.3007043071959214],[103.76986685571715,1.3006162014481568],[103.7698300595756,1.3003940307799593],[103.76978689207478,1.300199220585556],[103.76974445124267,1.2999429552410937],[103.76973783953525,1.2998798150751716],[103.76972858006064,1.299771054187829],[103.76972130324927,1.2996792664587915],[103.76971643551565,1.2995124509242266],[103.7697154778669,1.2993967311641235],[103.76970599376386,1.299251817405576],[103.76971075255166,1.299211990229075],[103.76970676538387,1.2990095509041304],[103.76970013717253,1.298672299741815],[103.7696914463808,1.2984237784164092],[103.76967528803323,1.2981656109522541],[103.76960709729615,1.297888346517573],[103.7695941308766,1.2977621068866882],[103.76960748310258,1.297480171668027],[103.76956703861438,1.2970911031902952],[103.76955164096519,1.2969199970816894],[103.76953375760486,1.296654876818533],[103.76952689172718,1.2965156560966107],[103.76952234974482,1.2963659583734806],[103.76951596726704,1.2961197314748452],[103.76950488003823,1.295729111848634],[103.76950211894199,1.2956881693994333],[103.76949801564622,1.29556649612655],[103.76948927464193,1.2954220689309226],[103.76948486641659,1.2953492403643925],[103.76948344796979,1.2953351648029068],[103.7694776888429,1.295277995269447],[103.76946574085243,1.2951729973701205],[103.76942070000538,1.295049206845978],[103.76937206526249,1.2949146181204618],[103.76934318918313,1.2947917233261144],[103.76933053976907,1.2947093444631594],[103.76930542048295,1.2945513070725023],[103.76929940110381,1.2945171933947612],[103.76928471088017,1.2944794719875408],[103.76926427929412,1.294428854199732],[103.76922877192061,1.2943441559650337],[103.76922699201465,1.2943399090251269],[103.76922638373325,1.2943386410909414],[103.76916610996949,1.294212934731718],[103.76913245494195,1.294146306645543],[103.7691321108172,1.2941456319810298],[103.76912278705188,1.294129368560791],[103.76909228024601,1.2940735884038035],[103.76907203695616,1.2940390411725675],[103.76904234139477,1.2939888753291346],[103.76902427240987,1.293961029492275],[103.76900537681382,1.2939313025565184],[103.76897691208328,1.2938880641741375],[103.76895375753605,1.293852856681817],[103.76891427698662,1.293797427187082],[103.76887448193014,1.293742748306096],[103.76886887973168,1.2937343339576801],[103.76877762414222,1.2936134515813165],[103.76868929038424,1.2935018996030496],[103.76860725523474,1.29339742443405],[103.76852391989789,1.2932930912144172],[103.7684544657535,1.2932041234982876],[103.76815738049832,1.292828415793003],[103.76815188788872,1.2928214737510104],[103.76815016813313,1.2928193719640293],[103.76814906206275,1.2928180117715986],[103.76814900994867,1.2928179584127608],[103.76814881856431,1.2928177603520419],[103.76786162407707,1.292460349064209],[103.76816552174503,1.2922112398434382],[103.76817633229265,1.2922036805415633],[103.76824068771086,1.2921657938606916],[103.7682719089102,1.2921473013205382],[103.76830404297488,1.2921308752758525],[103.76834617965734,1.292112383015881],[103.76842617141797,1.292077433203271],[103.76844071094571,1.2920685491023924],[103.76850406167476,1.2920351019128082],[103.7685627399593,1.2920027009511474],[103.76871488599359,1.2919483507477343],[103.76891064955736,1.2919086360709375],[103.76898542495687,1.2918861645251791],[103.76909654843466,1.2918527194414535],[103.76920462854754,1.2918193520507222],[103.76930992668815,1.2917893804726037],[103.76931419119688,1.2917881614976559],[103.76938061718135,1.2917721070971662],[103.76946111805482,1.2917506476655312],[103.76953737149124,1.2917303900241113],[103.7696297008598,1.2917050457367234],[103.76970091614189,1.2916859744890903],[103.7697019530657,1.2916856968753776],[103.76978868451612,1.291660413937724],[103.76986016401592,1.2916393784128508],[103.76991725416676,1.2916225469142661],[103.77031194710781,1.2915294886629833],[103.77065383247121,1.2914474695182587],[103.77071475485386,1.291432223446902],[103.7713196192296,1.2912670327110978],[103.7714459702526,1.2912328879167605],[103.77144825076817,1.2912321644811595],[103.77148483961352,1.2912222490222718],[103.7716012212557,1.2911905964039714],[103.77225504646304,1.291012098008321],[103.77240373534217,1.2909719966566857],[103.77249033823773,1.2909474145029214],[103.77259733185633,1.2909174943735091],[103.77267100106293,1.2908963774266813],[103.77280270386181,1.2908581169289137],[103.77291699921719,1.290819843346865],[103.77331044098646,1.2906582590882805],[103.77344676556693,1.290594153740543],[103.77356478228626,1.2905333859611618],[103.77366213234548,1.2904815356253183],[103.77370548838705,1.2904587113959016],[103.77381221307206,1.2904003426166402],[103.77385049589769,1.2903796733654591],[103.77403629673316,1.290280530454382],[103.77408569196835,1.2902531492675926],[103.77412257034098,1.290233733428189],[103.77418444552781,1.2902013161263446],[103.77434305600482,1.2901230687987895],[103.77440224442273,1.2900961237375879],[103.77444337197078,1.2900776078348675],[103.77449801367973,1.2900545505279515],[103.77460778948729,1.2900087859108857],[103.77464891602764,1.2899949130114687],[103.77470475093868,1.2899743436340543],[103.77477336502423,1.2899482968161646],[103.77483250031356,1.289926013741716],[103.77484961497315,1.2899194764873327],[103.77489646258549,1.2899027938558607],[103.77495758182276,1.2898817633689241],[103.774961618998,1.289880419576611],[103.77511304587281,1.2898296285361093],[103.77515743683169,1.2898146767965561],[103.7753247670875,1.2897589356179855],[103.7753812327354,1.2897396432021284],[103.7754728872708,1.2897102426048288],[103.77548426647552,1.2897065937547183],[103.77554574243104,1.2896852774821057],[103.77564846262614,1.2896500168496365],[103.77572186679252,1.2896250128465239],[103.77585399374269,1.2895803095018097],[103.77593191581128,1.2895534118559673],[103.77600622126097,1.2895260827438555],[103.77608553876114,1.289499155280721],[103.77616266201308,1.2894726709039974],[103.77623515237119,1.2894468918245343],[103.77624612363293,1.2894433912774454],[103.77630849543301,1.2894215685618162],[103.77645022339495,1.2893713442565033],[103.77650133279882,1.289353232794327],[103.77666640592518,1.2892947358749904],[103.7768012402239,1.2892465534498303],[103.77738858041978,1.2890397302167094],[103.77747009665389,1.2890113024167378],[103.77747631639997,1.2890091338880836],[103.77752746721391,1.2889868469547354],[103.77760742367754,1.2889538538840388],[103.77763502984541,1.2889399535057837],[103.77770580780944,1.2889025261309057],[103.77777197091753,1.288862749113785],[103.77784334566871,1.288817921333613],[103.77790261243686,1.2887798226620921],[103.77796249208582,1.288738121014499],[103.77798794006173,1.2887192746157448],[103.77801577379066,1.288694493829271],[103.77804883811547,1.2886608277758842],[103.77811807318815,1.288585559032915],[103.77811944169741,1.2885840750006823],[103.77814764484692,1.2885535714023493],[103.77816461603975,1.2885323219204703],[103.77819615301699,1.288490496655462],[103.77821584420316,1.2884640371887512],[103.77824073091756,1.288429788543792],[103.77825914075672,1.2884046005852474],[103.77827267228635,1.2883855956603159],[103.77828778260604,1.2883640458880177],[103.77830836878282,1.288335432243776],[103.77831057746498,1.288332186527704],[103.77837790273142,1.2882332333341486],[103.77839936687357,1.2882002561495391],[103.77840712422625,1.2881884398916619],[103.77841654842132,1.2881742913139398],[103.77844620757047,1.2881263895797295],[103.77860988468304,1.2878789011227343],[103.7786592216019,1.287800851012147],[103.77869338346325,1.2877465717934138],[103.77873933178724,1.2876776574978321],[103.77877148077992,1.2876297332036637],[103.77879560826355,1.2875930617435658],[103.77883482178974,1.2875351335206562],[103.7788907468884,1.2874525210276637],[103.77898027931583,1.2873211820959671],[103.77903479534828,1.287245461730778],[103.77912013134079,1.2871253910849065],[103.77916379899857,1.2870635190178128],[103.7792118911164,1.2869992260605894],[103.7792592086066,1.2869389077677318],[103.77930858016516,1.2868782006409158],[103.77937055313441,1.2868037691457437],[103.77941636090212,1.2867514508257323],[103.77946509972412,1.286698231820037],[103.77949608563691,1.286666671061696],[103.7795429804829,1.2866215135203045],[103.77958725961331,1.2865794289530783],[103.77972860810657,1.2864464089710523],[103.7797852433133,1.2863918019259613],[103.77982796251318,1.2863524774416446],[103.77983651317287,1.28634504645892],[103.77984856014052,1.2863333125835978],[103.77986360918115,1.286319100812772],[103.77986890977242,1.2863140581880534],[103.77992982928059,1.286256102367981],[103.77998343632262,1.2862052140011115],[103.78004829870994,1.286142827779136],[103.78008653595396,1.2861050243369831],[103.78014966947904,1.2860458657527998],[103.78018452813282,1.286011833438188],[103.78021661023924,1.2859806452912992],[103.78029326979363,1.285906099224223],[103.78034699185814,1.285854053264748],[103.78037587959942,1.2858254253048638],[103.78041359471817,1.285790740095241],[103.78047729015144,1.2857152369339095],[103.78051766610865,1.2856676220784922],[103.78052108873693,1.285663194381054],[103.78053818299954,1.2856415089800146],[103.78055204782487,1.285623998962653],[103.78060998273978,1.285547181636068],[103.78061601212119,1.2855383551636161],[103.78063422423453,1.2855132937923055],[103.78065239953322,1.2854869726403009],[103.78071321802473,1.2854018750093061],[103.78071692646532,1.2853936643606894],[103.78073732306245,1.2853619396760039],[103.78077641805756,1.2852964382677796],[103.78082754247262,1.285197909715216],[103.78085582426462,1.2851409814575],[103.7808913718593,1.2850735373987783],[103.78092326684019,1.2850085151522452],[103.78094326726915,1.2849722053292307],[103.78096460123398,1.2849307867783013],[103.78097221688289,1.2848607221977222],[103.78097143750797,1.284833354302202],[103.78096266329496,1.2847880834415077],[103.78095088777866,1.284751767536454],[103.7809273361864,1.284706651017059],[103.78088016391604,1.28465561223067],[103.7807885236597,1.2845694072132705],[103.78075907559625,1.284537082806705],[103.78073382294374,1.28449836372513],[103.78071727439037,1.284462118260667],[103.78070583227016,1.2844241772184348],[103.78070088363141,1.2843990068422695],[103.78069897076153,1.2843931419986458],[103.78069867341554,1.2843896981723506],[103.7806975675827,1.2843765568284382],[103.78069593633398,1.2843521986403597],[103.78069772684331,1.2843219241704311],[103.78070230735375,1.2842898292725062],[103.78070660814058,1.2842713179240288],[103.78071494436213,1.2842481265726893],[103.7807261065688,1.2842210311381588],[103.78074190166869,1.2841926642629582],[103.78126375278661,1.283512352317169],[103.78138400290982,1.283355660054779],[103.78147086509178,1.2832447668388547],[103.78156120806422,1.2831408852288206],[103.78165123204796,1.2830370099392607],[103.78171856469974,1.2829594846556467],[103.7818243291295,1.2828177222299753],[103.78194959466957,1.2827140104279007],[103.78201988246487,1.2826882383615263],[103.78209903800408,1.282659038025757],[103.78212872520729,1.2826395360018625],[103.78217694091552,1.2825877756663555],[103.78245495302004,1.2824165443339306],[103.78251614700854,1.2823748570636186],[103.7826848713943,1.2822617614995706],[103.7829063153829,1.282119399018304],[103.78297412261912,1.2820767179706978],[103.78300445225591,1.2820576391912981],[103.78301261381199,1.2820508728969409],[103.7830822235072,1.282008472234956],[103.78309766957183,1.2819987026893895],[103.7831652782194,1.2819563028898608],[103.78317356195123,1.2819508081339652],[103.7832178622297,1.2819229482471366],[103.78364759967756,1.2816529296863335],[103.7836519836942,1.2816504084034333],[103.78365699312984,1.2816459970107348],[103.78374842231929,1.2815873824025172],[103.78375656317245,1.2815823407284908],[103.78380227683665,1.2815546092782126],[103.78389781602384,1.2814912739611106],[103.78392015484982,1.2814772748309067],[103.78401431925748,1.2814144884317928],[103.7840272888714,1.2814085162592295],[103.78425954944298,1.2812595348183868],[103.78438618464543,1.2811788335676149],[103.7844662202019,1.281127495230682],[103.78471094192989,1.2809636055348628],[103.78479957753578,1.2809040168326857],[103.78483680446482,1.2808774111349739],[103.78486885401759,1.2808507899639623],[103.78489707666171,1.2808260235715603],[103.78496989906749,1.280756936020697],[103.78501172410634,1.2807145754715676],[103.78506729371198,1.280643760253835],[103.78510318591195,1.280590152007841],[103.78510897900654,1.280578334785045],[103.78513944842251,1.2805304130805097],[103.78516516190057,1.2804812025660401],[103.78518424039629,1.2804415320682494],[103.78520949763566,1.2803805069251883],[103.78525794193855,1.2802552949403065],[103.78528188282266,1.2801939342521904],[103.78529332623737,1.2801651087499293],[103.78538449088228,1.2799283740343992],[103.78541225792056,1.2798569279423173],[103.78543848119,1.279789773935356],[103.78545837503319,1.2797294197268168],[103.78549163687462,1.2796444625292092],[103.78552140430887,1.2795590983014078],[103.78554520536035,1.279430129116152],[103.78557743225562,1.27933565165107],[103.78565037717543,1.2791976306943138],[103.78565816973939,1.2791733803022933],[103.78570075159519,1.279066777307684],[103.78573777337473,1.2789560295052473],[103.785764631672,1.2789008095014298],[103.78579411336862,1.2788634326605162],[103.78582774641089,1.278820385530238],[103.78584359736105,1.278779436194433],[103.78584371418198,1.2787788329853917],[103.78584420303552,1.2787761515533305],[103.7858446451653,1.2787734619811169],[103.78584504057125,1.2787707651731166],[103.7858453892534,1.2787680611293288],[103.7858456912117,1.2787653516584834],[103.78584594644617,1.2787626376649448],[103.78584615405823,1.2787599191486965],[103.78584631404787,1.2787571979184673],[103.78584642821217,1.2787544739742913],[103.78584649385547,1.2787517482204829],[103.78584651277485,1.2787490224658042],[103.78584648407177,1.2787462958058742],[103.78584640864472,1.2787435700494394],[103.78584628559517,1.2787408470052113],[103.78584611582163,1.2787381257688433],[103.78584589752701,1.2787354081490303],[103.78584563340692,1.2787326950501872],[103.7858453225628,1.2787299873766622],[103.78584496409611,1.2787272842240736],[103.78584455890534,1.278724589209897],[103.78584410699052,1.2787219005254034],[103.7858436083516,1.2787192208836857],[103.78584306388711,1.2787165502847613],[103.78584247269849,1.2787138896329782],[103.7858418356843,1.2787112398327174],[103.78584115284447,1.2787086017883436],[103.78584042417904,1.2787059754998567],[103.7858396505865,1.2787033627760025],[103.78583883116829,1.2787007645211295],[103.78583796682295,1.2786981807352542],[103.78583705844902,1.2786956123227577],[103.78578505422333,1.2785754520414527],[103.78562788790181,1.278212306007425],[103.78565636179759,1.2782039131312974],[103.78587911936452,1.278136144196639],[103.78617960080012,1.2780449355474757],[103.78633386312794,1.2779627768640591],[103.78660661559313,1.2778762974796096],[103.78682291200106,1.2778434458617178],[103.78692944317191,1.2778083403643192],[103.7871445497232,1.277735534770597],[103.78748284454979,1.2776246196376368],[103.78804921450066,1.2774371413826595],[103.78806883057224,1.277430616739295],[103.78835941006365,1.2773346868680464],[103.78846425642757,1.2773001980519998],[103.78876926737328,1.2771994255135561],[103.78918773268224,1.2770607376025902],[103.78932315639786,1.2770163139281336],[103.78947454809403,1.2769666008914036],[103.78963790361901,1.2768744118487825],[103.7899129481072,1.27678375578536],[103.79015579542434,1.2767404236486217],[103.79019074690035,1.2767284848161522],[103.79026846264001,1.2767038340496142],[103.79096901647202,1.2764362225359838],[103.79097489917932,1.276436909950688],[103.79118286927753,1.2763677204443353],[103.79128999561524,1.2763602340690123],[103.7913066186285,1.2763548009191497],[103.79130752436146,1.2763542972028912],[103.7914355530347,1.276310937729396],[103.79158493192631,1.2762615238762958],[103.79175031564144,1.2762060184738533],[103.79191732930272,1.276150021112446],[103.79208097163105,1.276095118871156],[103.79211955898406,1.2760570719647117],[103.79214108713538,1.276049662851413],[103.79218316132935,1.276035351052703],[103.79226313288594,1.2760340247313644],[103.7923241213708,1.2760133419845139],[103.79233255059881,1.2760096640683225],[103.79239476399918,1.2759756012630379],[103.79250069788677,1.2759158353001303],[103.79250913609685,1.2759123319258743],[103.79262120663549,1.2758746370773602],[103.79262945074746,1.2758720235945145],[103.79268932493285,1.2758582167061296],[103.79271787509262,1.2758539838284657],[103.79281576999023,1.2758371786673006],[103.79284924056053,1.2758312809306267],[103.7928755381274,1.2758246044219645],[103.79296665377493,1.2757944290192107],[103.79300325584609,1.2757819394152656],[103.79300080565497,1.2757744005920604],[103.79301216322357,1.2757699232613173],[103.79301483265961,1.2757773318594465],[103.79304764827253,1.27576650080009],[103.79322641933601,1.2757034721004012],[103.79328034438497,1.2756845608699403],[103.79344325438926,1.2756271353502329],[103.79344439104578,1.2756266063145818],[103.79344563552779,1.2756260022183377],[103.79344687012625,1.2756253764171843],[103.79344809214554,1.2756247280067152],[103.79344930428125,1.275624059700067],[103.7934505038378,1.2756233687841028],[103.79357388967911,1.2755817156648162],[103.79385724369898,1.2754824244213983],[103.79387873949554,1.2754748922990167],[103.79416052284299,1.275376177981672],[103.79445904688225,1.2752717681977037],[103.79475274573187,1.2751692122530833],[103.79482571892399,1.275143735588215],[103.79495273124495,1.27509997980734],[103.79509446344696,1.2750516761896096],[103.7954733212622,1.2749313172024503],[103.7954770897437,1.274929854900359],[103.79548086810831,1.2749284468602946],[103.79548465366051,1.2749270858472999],[103.79548844550185,1.274925767339537],[103.79549224363241,1.2749244841020884],[103.79549604625524,1.274923230708738],[103.79549985337039,1.2749219999245678],[103.79550366318087,1.2749207881320923],[103.79550747478828,1.27491958628765],[103.79551128729415,1.2749183898694036],[103.79551509980001,1.274917192546787],[103.79551891230598,1.2749159879892464],[103.79552272301505,1.2749147707705666],[103.79552653013027,1.274913534560167],[103.79553033455016,1.274912277549332],[103.79553413717325,1.2749110042598988],[103.79553793710086,1.2749097192136776],[103.79554173613008,1.2749084251237892],[103.79554553336229,1.274907126512045],[103.7955493305945,1.2749058269959301],[103.79555312782668,1.2749045301929038],[103.79555692505873,1.2749032415291548],[103.79556072318917,1.2749019628134257],[103.79556452311645,1.274900699471919],[103.79556832484052,1.2748994551220936],[103.79557212836141,1.2748982279552195],[103.79557593637485,1.2748970107364188],[103.795579750678,1.2748957953264346],[103.79558357037241,1.2748945753947],[103.79558739815387,1.2748933409932428],[103.79559123581954,1.2748920848871708],[103.79559506629765,1.2748907781365586],[103.7955988410684,1.2748893420609546],[103.79572174536557,1.2748381893808722],[103.79579187373562,1.2748154013225041],[103.79586327714438,1.2747914177105952],[103.79587537599133,1.2747872813231982],[103.79589363702785,1.2747810839785618],[103.79601154978675,1.2747410648460793],[103.7961073485677,1.274708412342027],[103.79620649170761,1.2746750309648092],[103.79624140897086,1.274664136588503],[103.79626356878623,1.2746556295499953],[103.7962903003608,1.2746465329316272],[103.79630723605095,1.2746406123004157],[103.79644128300338,1.274593949917305],[103.79645105552362,1.2745908960182493],[103.79646471423182,1.2745864313660633],[103.79648666557456,1.2745786939370158],[103.79649842927746,1.2745737309523588],[103.79651403336372,1.2745658894297547],[103.79652195671895,1.2745612799963686],[103.79663018897713,1.2744969522740814],[103.79665347023229,1.2744835255036877],[103.796664997631,1.2744777503952647],[103.7967090782278,1.2744619725737776],[103.79679251668689,1.2744324326901926],[103.79686634435575,1.2744063563841022],[103.79693278152851,1.2743829297596123],[103.79697546208953,1.274375266778891],[103.79708691586333,1.2743549581348466],[103.79714411230813,1.2743445813580199],[103.79715327111197,1.2743425837456404],[103.79717025979802,1.2743376588149877],[103.79718744258587,1.2743314352191017],[103.79733117580977,1.274278587974196],[103.79749814977247,1.2742173792894538],[103.7976642773015,1.2741565567455482],[103.79775342957056,1.2741240379318892],[103.79790519391882,1.274068708284198],[103.79793071876303,1.2740585462898675],[103.79794435414566,1.2740510384416923],[103.79796228277516,1.2740403708020969],[103.79801061900314,1.2740113296021187],[103.7980542765166,1.2739850746847252],[103.79805481923634,1.2739847681125305],[103.79807886781809,1.273972168833157],[103.7981029244627,1.2739613158821204],[103.7982015176672,1.273926399711216],[103.79830230420178,1.273890966269763],[103.79835725351582,1.2738715837697552],[103.79841964888058,1.273860655372415],[103.79849071424039,1.273847895752762],[103.79849942737195,1.2738455924541061],[103.79866061446263,1.273802985493105],[103.7987204428377,1.2737823532190353],[103.79874828320666,1.2737718801461615],[103.79893652281196,1.273705904745628],[103.79896277634063,1.2736972946405984],[103.79909467569722,1.2736508265250945],[103.79919665097188,1.2736154301425857],[103.7993022824059,1.2735784602097084],[103.7994160914474,1.2735385900826701],[103.79954225365681,1.2734907264327064],[103.79964680509593,1.2734495556964112],[103.79987481237947,1.2733574663091187],[103.79994230542852,1.2733224438526893],[103.8000044997754,1.2732902601267237],[103.80007590686427,1.2732534751105076],[103.80027894123408,1.2731524077321648],[103.80044261944175,1.2730745802001207],[103.80051412893178,1.273039375098009],[103.80067980732375,1.2729569081843235],[103.8007250030232,1.2729356507597362],[103.80076030232094,1.2729089878198545],[103.80087713997084,1.2728215652566488],[103.801136703148,1.2727030343338632],[103.80133634915747,1.2726668486743924],[103.80136412115662,1.272661185888219],[103.80155545785726,1.2725962747668773],[103.8016389472255,1.2725827790594486],[103.80169458469763,1.2725690542013368],[103.80175108920406,1.2725595771544305],[103.80178330714203,1.2725548848019288],[103.80190964595334,1.2725335134990845],[103.80204267614596,1.2725128820421048],[103.80217637478705,1.272497232732326],[103.802310558576,1.2724865863678378],[103.80244504151656,1.2724809574161808],[103.80257964030822,1.2724803549187782],[103.80259583818716,1.2724817207040047],[103.80264905844226,1.2724807292533447],[103.80285609183824,1.272473084413837],[103.8029411921488,1.2724699879745154],[103.80295820862138,1.2724689725744551],[103.80319209027017,1.272459552757511],[103.80338641657062,1.2724525751469298],[103.80338639500518,1.2724526275998402],[103.80348015006643,1.2724443094408957],[103.80369478878625,1.2724256928673876],[103.8037550832815,1.27241827596305],[103.80383654909117,1.2724084573078562],[103.80392758074659,1.2723950945538394],[103.80403292254825,1.2723750894001151],[103.80412343400057,1.2723572066174673],[103.80418814935021,1.272344119385432],[103.80425543003719,1.2723292532951198],[103.80434081716496,1.2723091556569948],[103.80437712437947,1.2722999948510476],[103.80448351577465,1.2722699684231908],[103.80448401536175,1.2722698309653502],[103.80448413846152,1.2722697911746803],[103.80453681707438,1.272252688418184],[103.80459887099302,1.2722364620952504],[103.80468591156705,1.2722030377430449],[103.8054937257267,1.2719066935005885],[103.80549391891243,1.2719066292927779],[103.80549411119966,1.271906561467498],[103.80549430348691,1.2719064918334884],[103.80588190441684,1.2717505581809143],[103.80626113451046,1.2715983630247423],[103.80639725536402,1.2715124534092248],[103.80643473796765,1.2714913884307755],[103.8066762975151,1.2713932791164573],[103.8067101139857,1.2713826287620686],[103.80691781800714,1.2713345838100438],[103.80705229415439,1.2712835401223384],[103.80717053098358,1.2712416683308696],[103.80729777920972,1.2712003356267965],[103.80750520563522,1.2711446568795552],[103.80769553820772,1.271100950831762],[103.8080596844072,1.2710406459648862],[103.80825211489213,1.2710125049207623],[103.80837966030106,1.2709925079425544],[103.80847134871469,1.2709792526513657],[103.80848655732966,1.2709776620207502],[103.80855252335621,1.2709676531475629],[103.80860569333005,1.2709595858209068],[103.80886081103249,1.270925934134227],[103.80900235557466,1.2709091450407255],[103.80909006704114,1.270898743865315],[103.80912652602022,1.2708952388909704],[103.80919676814838,1.270887497284332],[103.80926989096717,1.2708809910652659],[103.80928669357793,1.2708798209745233],[103.80934296436604,1.2708745047396757],[103.80944897357713,1.2708657071619318],[103.80945747373343,1.2708637972222816],[103.80946640250382,1.2708604656249176],[103.80950596338441,1.2708394458383778],[103.80957311274301,1.2708328581623272],[103.80964334027131,1.270849321870686],[103.809662569809,1.2708498076920651],[103.80980528326401,1.2708410167683475],[103.80983258256991,1.270838442291476],[103.80985897706682,1.270834145895205],[103.80988508404661,1.270828287657793],[103.80990441068072,1.2708226988589824],[103.80992192407278,1.2708169843367614],[103.80995636231236,1.2708060074690626],[103.80997280105707,1.27080024862282],[103.81004929355876,1.2707734538891664],[103.81006747542538,1.270771611862656],[103.8102895466506,1.270752955008497],[103.8104851317481,1.2707362486146228],[103.81053282864156,1.2707390679442407],[103.81069651898554,1.270764080509753],[103.81071508178192,1.270767817509318],[103.81073364369604,1.270769686090776],[103.81075963112549,1.270768752110464],[103.81079884502863,1.270762913874966],[103.8108928175052,1.270748902467826],[103.8110584528043,1.2707130386056238],[103.81114579954982,1.270691187191968],[103.81133079033337,1.270636935026852],[103.81142466771539,1.2706042638373685],[103.81150360063305,1.2705755870973385],[103.81170358999343,1.2704910587028049],[103.81187765303557,1.270405059578489],[103.81198012867621,1.2703485104924235],[103.8120734662027,1.2702935710961394],[103.81222807426475,1.2701934067181109],[103.81225244713308,1.2701787182227333],[103.81235642523049,1.2701067940250081],[103.81245625390982,1.2700323936379638],[103.81247499560442,1.2700246126341608],[103.81248052882097,1.2700194686512236],[103.81250613296947,1.2699684283095927],[103.81258965222419,1.2699086441312677],[103.8126798644558,1.269874333251727],[103.81273471218866,1.2698373469740818],[103.81288097128692,1.269702841037938],[103.81307367916826,1.2695728581889365],[103.81313082529924,1.2695411253767437],[103.81318925722483,1.2695102435807604],[103.81329053502776,1.269457369770791],[103.81335254678064,1.2694173095989068],[103.81344178336425,1.2693585292815817],[103.81345462528014,1.269350107030029],[103.8135364722785,1.269295948861485],[103.81354867533003,1.2692883043583985],[103.81382452220032,1.2691076432861461],[103.81405318227924,1.268958668065482],[103.81414160024214,1.268903257380906],[103.81429159231674,1.268810875805524],[103.81433076857647,1.2687869945295176],[103.8144393029729,1.268722621726147],[103.81446191738625,1.2687076311384007],[103.8146188542206,1.2686134553342903],[103.81469399891236,1.268572513468852],[103.81478174739462,1.268523601523575],[103.81489124675585,1.2684646992113882],[103.8149985968,1.2684085009304085],[103.81512724576241,1.268341581548865],[103.81515919415112,1.2683248229873534],[103.81525182164681,1.2682771627013008],[103.81525415875299,1.2682743492382689],[103.81525481111954,1.2682698889147592],[103.81525323066955,1.268259639735298],[103.81525136536573,1.2682520729003728],[103.81529570636944,1.2682298755732107],[103.81530066711031,1.2682392167939087],[103.81530424323844,1.2682445227283363],[103.8153070196949,1.2682464345753717],[103.81531119608472,1.268245806975341],[103.81541415765359,1.268192222260709],[103.81592931857527,1.2679218459890325],[103.81602623477588,1.2678694540659254],[103.81612895821209,1.2678146484277724],[103.81614450290401,1.2678058101726195],[103.8163314111658,1.2677037483990203],[103.81642281932734,1.267653137118936],[103.81656975886382,1.26757128581354],[103.81667294164744,1.2674821025296625],[103.81670021408566,1.2674592729161285],[103.8167128825674,1.267450441873792],[103.81681672917318,1.26739038366294],[103.81690439941957,1.2673390153878628],[103.81693963284674,1.267318563398101],[103.81695518830963,1.2673106403553869],[103.81703029062027,1.267281924530397],[103.81710123540884,1.2672541229899865],[103.81714879670227,1.2672354825181176],[103.81716516532796,1.2672290055588609],[103.81723623509795,1.2671869313270394],[103.81730849001852,1.2671469525142969],[103.81735513213586,1.2671238914967098],[103.81739654659303,1.2670994359150733],[103.81744307912867,1.2670696482283033],[103.81789576285728,1.2667892435693833],[103.81792358694098,1.266772531070742],[103.81800926061509,1.2667192699093444],[103.81812967621006,1.2666432858752015],[103.81819813134109,1.2665797844806672],[103.8182855599582,1.2665058314487578],[103.8183765808804,1.2664364074946115],[103.8184709613868,1.2663716880633267],[103.81856846246689,1.266311837747608],[103.81866883612497,1.2662570084790208],[103.81868873869227,1.2662469059306876],[103.81875450166943,1.2662056934856973],[103.81886195044828,1.266136710937006],[103.81889167582561,1.2661180965587193],[103.81891285612639,1.266104154986297],[103.81892790301515,1.2660946465767116],[103.81893766650701,1.2660890992562843],[103.81894508571153,1.2660861483546861],[103.81896323342508,1.2660789804588637],[103.8189803514079,1.266073930580041],[103.81899880191074,1.2660697145330617],[103.81901534572476,1.2660657544106535],[103.8190416350441,1.266059080342805],[103.81905712130154,1.2660520064855119],[103.81910604030264,1.2660224186458906],[103.81912566615705,1.2660051987399195],[103.8192354207025,1.2659087008824075],[103.81925419203287,1.2658946968927487],[103.81932199193992,1.2658584928175542],[103.8194672851435,1.2657822149359799],[103.8194863385911,1.2657719830526053],[103.8195106754154,1.2657612691708766],[103.81966640758927,1.2657185143364367],[103.8197232102305,1.26570341083684],[103.81973581667039,1.2656992716246858],[103.8197926400095,1.2656779207700923],[103.81988328777885,1.2656459700285605],[103.81995633414189,1.2656220807023184],[103.82010986396871,1.2655847294104465],[103.82026422761146,1.2655510444094058],[103.8204193406086,1.265521043785933],[103.82055154009336,1.2654951380043924],[103.82068486989733,1.2654759760715824],[103.82081899037586,1.2654636068214027],[103.82095355918875,1.265458061904875],[103.82108823579306,1.2654593548857982],[103.82122267515314,1.265467483953814],[103.8212798667256,1.2654782497831758],[103.82133140564663,1.2654848998197172],[103.82141096442456,1.2654904819298884],[103.8216226928854,1.2655012077653978],[103.82187764076231,1.265516824582058],[103.82198311325014,1.265518547864049],[103.82208415055413,1.2655261377383211],[103.82222656978269,1.265536595528801],[103.82236290324937,1.2655468633688687],[103.82246915286615,1.2655735299262054],[103.82252159479539,1.2655856305508348],[103.82253136993076,1.2655868523889782],[103.82268356432654,1.265592057643095],[103.82271802036693,1.2655931348839902],[103.82279244944019,1.265595353596886],[103.82282855967806,1.2655969011128854],[103.82301387940676,1.2655985541364596],[103.8231991595904,1.2656027719257883],[103.82348871270432,1.2656145044712623],[103.82377794861604,1.2656324997109105],[103.82406673254768,1.265656748600716],[103.82435493241698,1.265687240288001],[103.8246424143446,1.2657239603026769],[103.82492904534972,1.2657668914616211],[103.82493153697652,1.265768566353792],[103.8249320590276,1.2657675191007827],[103.82514356092422,1.2658334217661664],[103.82516189367281,1.2658404297490293],[103.82517736369935,1.2658460694184037],[103.82536679041257,1.2659232991676133],[103.82554383981599,1.2660095878900943],[103.82564605138494,1.2660675172994342],[103.82575369097498,1.2661331745199218],[103.82581351070505,1.2661737906333164],[103.82590837765058,1.2662406198671075],[103.82607494470025,1.266364421584505],[103.82671846110559,1.2669331405036983],[103.82671801722876,1.2669336496600707],[103.8267065788644,1.2669467611148804],[103.8266475558243,1.2670144165102541],[103.8264741239604,1.267213213574856],[103.82629666842398,1.2674166219735974],[103.82629547337055,1.2674179920833462],[103.82613406836458,1.26760300301653],[103.82608698325178,1.2676569744847181],[103.82588649537188,1.267918662784341],[103.82583115799218,1.2680148101909294],[103.82571370100678,1.2682343905771953],[103.82565005017246,1.2684001957661752],[103.82557726128965,1.2685489563582792],[103.82547639950918,1.2686941590904892],[103.82544571713099,1.2687388183497839],[103.82540655786752,1.268820769978355],[103.82540525856612,1.2688276892710821],[103.8254074535441,1.2688739746793372],[103.82533544166361,1.2690886770412533],[103.82531413017398,1.2691066295247315],[103.82528039521269,1.2692336212587254],[103.82526522952887,1.2693054567328015],[103.82525854568819,1.2694804061232314],[103.8252612572371,1.269553839666228],[103.82526724563016,1.269663063464721],[103.82528502192129,1.269764451881634],[103.82531891598973,1.269909826853945],[103.82538103455836,1.270143712116406],[103.82539613863632,1.2702381667574463],[103.8254052162412,1.2703333991336396],[103.82540822873649,1.2704290203679727],[103.82540516444179,1.27052464067911],[103.8253960359371,1.2706198684770167],[103.82538088096143,1.2707143139804267],[103.82535976061565,1.2708075928342955],[103.82533276205824,1.2708993215879847],[103.825299994911,1.2709891276432725],[103.82527498221249,1.2710483318195718],[103.82525522596733,1.2710993967271522],[103.82523792723909,1.2711425231263493],[103.82520305753904,1.2712242278719001],[103.82518716863387,1.2712598833159214],[103.82518165429201,1.271270350418894],[103.82516625509818,1.2713027112626385],[103.82514820252345,1.2713371991642903],[103.82512741479873,1.2713745339980667],[103.8250957772294,1.2714225258339669],[103.8250477484786,1.2715032266897426],[103.82500026247091,1.2715742843023667],[103.82492828051764,1.2716698745431148],[103.8248664233661,1.2717307390081478],[103.82470942721815,1.2718807192799013],[103.82459489684732,1.271994408424071],[103.82459198468496,1.2719973050952134],[103.82459187146891,1.2719974895852857],[103.82443818457192,1.272154025592993],[103.8243901406245,1.2722020544417405],[103.82422073083801,1.2724423707535495],[103.82413473259814,1.2725323538582263],[103.8239256697969,1.272689962211662],[103.82383699567865,1.272785775737267],[103.8237786076984,1.2728526487889562],[103.82372795882713,1.2729126324158395],[103.82366521919528,1.2729897862696362],[103.82362496100859,1.2730432160005438],[103.82358266581902,1.2731022464553605],[103.82353247513767,1.2731764855851209],[103.82349191769451,1.273240054148461],[103.8234583976093,1.273296100230351],[103.82341378770394,1.2733760432090453],[103.82336091028442,1.273477925144714],[103.82332951429586,1.2735432780530171],[103.82328197234679,1.2736524546156047],[103.82322902560537,1.2737861114113818],[103.82322683225796,1.2737916216985203],[103.82322556800428,1.2737951550474882],[103.82319318981338,1.2738849013864812],[103.82315133275189,1.2740289602301544],[103.8231426986047,1.2740583873276652],[103.82311551293348,1.274176908770793],[103.82309366277795,1.2742925335538486],[103.82307939363139,1.2743923844331644],[103.82305231119788,1.2747595194230412],[103.82305194172501,1.2748035185859654],[103.82305252027827,1.2748297487898064],[103.823055994554,1.2749214749249123],[103.82306185528391,1.2750279141831649],[103.8230714360137,1.2751194115382884],[103.82308021086791,1.2751828934722045],[103.82309354756086,1.2752541303538993],[103.82313482280843,1.2754614462387575],[103.82316397439939,1.2755949839808771],[103.8232394790097,1.2759041758079552],[103.82331748782318,1.2762227468109992],[103.8233605046211,1.2763902471261388],[103.82336819593657,1.2764315368426227],[103.82343148018433,1.276586735158814],[103.82348319914874,1.2768005389909174],[103.82351008346765,1.2770120338825712],[103.82358301031239,1.277306421232562],[103.8236544150438,1.277602875048061],[103.8239064891834,1.2792385818743948],[103.82348868810837,1.279213511299507],[103.82328098038262,1.2792010474359463],[103.82314489776432,1.2791963044061294],[103.82285528652834,1.2791851153339193],[103.82261909783914,1.2791774507640112],[103.82259208869692,1.2791768799961116],[103.82239322974986,1.279171106589341],[103.82232492382528,1.2791682231799697],[103.82212069432343,1.2791616394177858],[103.82195552609863,1.2791447053571714],[103.82175983636233,1.2791246402361416],[103.8215206474571,1.2791188150292228],[103.82134735909936,1.2791137533944734],[103.82108574892023,1.2791218037124366],[103.8209182254964,1.2791343681487053],[103.82074889597743,1.279153680031779],[103.82064653539368,1.279167858157939],[103.8203051006303,1.2792326451398097],[103.82025368713134,1.2792464454853931],[103.82005445229257,1.2792999150318929],[103.81984531097918,1.2793702056979301],[103.81955056482433,1.279485030431569],[103.81939573830849,1.2795531047549704],[103.8193261337985,1.2795856732673851],[103.81908876633901,1.2797165444083434],[103.81889851108375,1.279831655426632],[103.8185868511895,1.280028022014109],[103.81833554447314,1.280186242806559],[103.81797723401151,1.2804130644355727],[103.81794532051175,1.280433480280842],[103.8178848810126,1.2804721198101572],[103.81775220864984,1.2805569827963936],[103.81773005151176,1.2805711413977627],[103.81770069885187,1.2805899131201777],[103.81749316627024,1.2807226436665964],[103.81718978534707,1.2809105977283588],[103.81688674040787,1.2811025445263429],[103.81660495674299,1.2812785655613328],[103.81643844339479,1.2813860002983595],[103.81615773161833,1.281563045935177],[103.81585244017457,1.2817558227988244],[103.8156598007686,1.2818760233188282],[103.81545198675664,1.2820059438310931],[103.81529357639293,1.2821052311249814],[103.81515309733861,1.2821927825938602],[103.8150240216873,1.2822722735326844],[103.81486873108709,1.2823618633172698],[103.81454154933473,1.282543081173171],[103.81421325436284,1.2827087013966634],[103.81388000400575,1.2828612362836704],[103.8135427812653,1.283001213989075],[103.81319330428462,1.2831320818846648],[103.81290186863437,1.2832335140267244],[103.81268772199736,1.283297977232648],[103.81248827820389,1.2833552092395142],[103.81231388936567,1.283400330183683],[103.81213291963597,1.2834436170089494],[103.81187743843688,1.2834994431163602],[103.81166156136382,1.2835405211538597],[103.81140989993773,1.2835843689339788],[103.81121951541907,1.2836123112539755],[103.81098292261768,1.2836404855753984],[103.81072344404345,1.2836657548512755],[103.810441007819,1.2836875032014907],[103.81013619438998,1.2837069994475765],[103.80990371971079,1.2837202643469183],[103.8095275163997,1.2837435907500288],[103.80931875056498,1.283757516004077],[103.80902241305643,1.2837755082376008],[103.8088765971105,1.2837861186552515],[103.80865003568351,1.2838017827764419],[103.80840057230981,1.2838149831629393],[103.808166149549,1.2838316048860718],[103.8079289368402,1.2838463020712632],[103.80770442859257,1.283859297347832],[103.80732827736507,1.2838823937163673],[103.80695819845471,1.2839060354241032],[103.80659554327377,1.283929319931823],[103.80621451383941,1.2839543450938347],[103.80584248690016,1.283975973501733],[103.80543181731178,1.2840034662366866],[103.80501077499068,1.2840298500381793],[103.80467590083018,1.2840520981786039],[103.80430074787664,1.2840714138640492],[103.80395732679614,1.2840940714890348],[103.8035944065275,1.284115130826651],[103.8034933243541,1.284123336751743],[103.80321681754764,1.2841406475524557],[103.80290249210276,1.2841591407793345],[103.8025079845255,1.2841837817715889],[103.80224121702113,1.284197379262159],[103.80183230310148,1.284226230695184],[103.8018017671029,1.2842293178176445],[103.80204107693211,1.2846683799290166],[103.80214478640549,1.2848128435301478],[103.80236420142604,1.2852065668479775],[103.80236655288994,1.2852077669687259],[103.80240036455763,1.2853140790778679],[103.8024086120389,1.285331935860867],[103.80257371784454,1.2856298365288281],[103.80257620854285,1.2856343583828944],[103.80272271876437,1.285885232751979],[103.80279127399449,1.2860172283301716],[103.80288989560941,1.286197165548622],[103.80292988164321,1.2862643196345336],[103.80297667134622,1.286338101890706],[103.803066635323,1.286461202385905],[103.80327319253409,1.2866226004937538],[103.80342176632996,1.2867617595718823],[103.80355965840998,1.2868910084868908],[103.80381036823712,1.2870458847915178],[103.80405825425817,1.2871765801338648],[103.8048710352274,1.287665325303193],[103.80499561962911,1.2877507123005703],[103.80506969652126,1.287804409786987],[103.80509767054784,1.287826066017989],[103.8051416491735,1.2878665684845185],[103.8051778896371,1.2879008180862062],[103.80521609517214,1.2879385296175803],[103.80526589973951,1.287997297602128],[103.80533272864368,1.288085032577899],[103.80533291823322,1.2880852659061084],[103.80538597362933,1.2881529491522876],[103.80547626588347,1.288264000715947],[103.80554841145599,1.28835281374746],[103.8055682419975,1.28837628856158],[103.80556839654457,1.288376468531866],[103.80564887958157,1.2884747657254396],[103.8056491464446,1.2884750994389613],[103.80565883348238,1.288487251494411],[103.80567145152244,1.2885029369350443],[103.80572931230243,1.2885734328011582],[103.8058160949389,1.2886794849862027],[103.8058909954466,1.2887696753856792],[103.80590405288676,1.2887843542719442],[103.80595280527398,1.2888450639030662],[103.8062231556875,1.2891756917244737],[103.80637453723946,1.2893617790562848],[103.80654764617246,1.289573354321942],[103.80670378369426,1.289764845264373],[103.80692229360915,1.2900318522128893],[103.80703916902489,1.2901740041998397],[103.8072878660499,1.2904765520625514],[103.8074069034387,1.290614605473945],[103.80762538212191,1.290874441654258],[103.80769990180592,1.290961575244447],[103.80770971107124,1.2909730454024022],[103.8077745868247,1.2910489032725798],[103.80817508469177,1.2915233135410638],[103.80877750346303,1.2921460135071428],[103.80879176228716,1.292160752078549],[103.80884081152054,1.292201104406843],[103.8089032166752,1.2922426587642837],[103.80897227305546,1.2922617397197242],[103.80900449629186,1.2922916039641414],[103.80906306304537,1.2923156344044244],[103.80908731191587,1.292324966777598],[103.80911142780164,1.2923343705940822],[103.80914835419159,1.2923451102798937],[103.80926116868478,1.2923642377690145],[103.80939499199312,1.2923836846932315],[103.80944846959169,1.2923881798928145],[103.80951058222615,1.2923878865612828],[103.80956999300074,1.2923814986885382],[103.80991965315302,1.2923245034616466],[103.80992488447365,1.2923236561203668],[103.81014883206674,1.292288569738087],[103.81035545664653,1.2922548442471884],[103.81061083657823,1.29216966082222],[103.81073840099347,1.2921494503185722],[103.81081104364459,1.2921484444097047],[103.81090167689857,1.292148419894467],[103.8110439036078,1.2921412938553474],[103.81105007120398,1.2921409846170377],[103.81144211828507,1.2920767510159397],[103.81171109364212,1.2920345493420746],[103.81196976719464,1.2919936163760495],[103.8120762167286,1.2919760002482905],[103.81208058634496,1.291975276793238],[103.81222392916575,1.2919519064962912],[103.81228655225021,1.2919409443089953],[103.81237745158991,1.2919258168507148],[103.81244906098883,1.291915332238547],[103.81254032872526,1.2919006641947348],[103.81261802845763,1.291888150233283],[103.81267631696153,1.2918784767205385],[103.81268655050532,1.291872543266774],[103.8127713235338,1.2918632262879821],[103.81303248782906,1.2918201914889373],[103.81303715755837,1.2918194155814742],[103.81312610794362,1.2918053479959712],[103.81321188197741,1.291791827522716],[103.81361636209365,1.2917261195664602],[103.81373067834947,1.291707495063202],[103.81373111234583,1.2917074245261158],[103.81382413941724,1.2916922680923018],[103.81385360264447,1.2916878098012332],[103.81416049737119,1.291635649291915],[103.814404251756,1.291554250158218],[103.81452903871708,1.2915344780580982],[103.81480372840615,1.291532588157132],[103.81485474497654,1.2915253572298346],[103.81494197912448,1.2915116838705356],[103.81496607715876,1.2915065282620752],[103.81497628103097,1.2915024107632471],[103.81509216082134,1.2914710853098952],[103.81524390682989,1.2914368806107168],[103.81539694758818,1.2914091303632684],[103.8155510126359,1.2913878824967668],[103.81570582881716,1.2913731768011902],[103.81588094211676,1.2913648632869814],[103.81602246431852,1.2913573616502478],[103.8161803946886,1.2913655273332576],[103.8164143670688,1.2913431232727033],[103.81660374388349,1.291324972123242],[103.81707890301887,1.2912802173057263],[103.81720691746258,1.2912679965398899],[103.81746904501921,1.2912002015857522],[103.81759390736708,1.2911888480663016],[103.81785600023811,1.2912075465241482],[103.81834047901003,1.291162603417947],[103.81844682240063,1.2911519750468992],[103.81844770925777,1.2911526072031447],[103.81848258078793,1.2911493562167857],[103.81850362914885,1.291146296874186],[103.81863474894568,1.2911331924896008],[103.81881451222317,1.291116558642244],[103.8188232352721,1.291115746572734],[103.8189411869175,1.2911057702945175],[103.81908918582327,1.291091873758791],[103.81927933804819,1.291073033286631],[103.81940067899603,1.2910619265497187],[103.81953414577056,1.2910497780449255],[103.82006433964213,1.2909964966128347],[103.8201831862301,1.2909856168207359],[103.82025269928828,1.290972634119861],[103.82037497663491,1.2909364972351043],[103.82043156059247,1.290919649207596],[103.82062291683735,1.2909016885871982],[103.82073551034331,1.290915844269615],[103.8208277285399,1.290925272731216],[103.82099852883451,1.290908907280124],[103.8211278041096,1.2908521481613136],[103.82125277604673,1.2908411245543514],[103.82151270612903,1.2908585022498156],[103.821521376156,1.290859068422753],[103.82152169154423,1.290859051241295],[103.82204150082778,1.2908202907313198],[103.82216666684378,1.2908095139715805],[103.82227072968891,1.2908029487404526],[103.82235954787616,1.2907959068386037],[103.82236107449924,1.2907957594337613],[103.82249314671303,1.2907830220248036],[103.82288886287934,1.2907398484087833],[103.82289114517644,1.2907395834393125],[103.82311524697813,1.2907142160168097],[103.82332596049004,1.290692396344744],[103.82354769026674,1.290632161991747],[103.8235768156284,1.2906240345773796],[103.82370165096773,1.2906126907034272],[103.823792033469,1.290615558787208],[103.82397198259116,1.2906227211254364],[103.82414003601906,1.2906025227531943],[103.82428015104955,1.2905931332386313],[103.82453930313557,1.2905688971753677],[103.824554074267,1.2905675153572123],[103.8246429553433,1.2905590092085018],[103.82557454386578,1.2904673666178128],[103.82572684400625,1.2904583596066697],[103.82634244666808,1.290421952559103],[103.82635190821166,1.2904585603706027],[103.82636791818076,1.2905489797182474],[103.82637686830607,1.2906403820909171],[103.82637870467588,1.290732207686682],[103.82637341471137,1.2908238985123976],[103.82636103076078,1.290914893861891],[103.82634163009949,1.2910046384552454],[103.82631502491314,1.2910998435833996],[103.82627032477741,1.2912350921278857],[103.8262378404368,1.2913263939998538],[103.82616090223055,1.2915232170369755],[103.8261167115273,1.2916674034175162],[103.82608277054034,1.291793483537796],[103.8260283830603,1.291976582898026],[103.82602325861201,1.2919983617975799],[103.82602188291847,1.2920072688830302],[103.8260133793279,1.2922468694734968],[103.82601433786469,1.2923194736952193],[103.8260198483792,1.2924052671870647],[103.82602677414988,1.2924730158911015],[103.82604104002827,1.2925706665356662],[103.82605674183458,1.2926486255440197],[103.82607544122254,1.292711396657605],[103.82610189860388,1.2927823477733151],[103.82612803793106,1.2928432143154012],[103.82615617831918,1.2929021039213326],[103.82618666931525,1.2929540534377602],[103.82622651323194,1.2930095725082165],[103.82622772446263,1.2930112510127827],[103.82626870864277,1.2930627266705443],[103.82630619842949,1.2931007444646327],[103.82634872365395,1.2931373143839888],[103.82638612362241,1.2931629333346046],[103.82657884455446,1.29326928535508],[103.82668500269587,1.2933377342991335],[103.82684082040248,1.293484459761746],[103.82684759001187,1.2934889490462496],[103.82706627248861,1.2936339735454938],[103.82740310057544,1.2938717345904007],[103.82744146559888,1.293897966686956],[103.82761008947821,1.2940172681722146],[103.82844436658603,1.294594336993645],[103.82891996578037,1.2949233403733398],[103.82916117765409,1.295080257127134],[103.82927240644575,1.2951325929019608],[103.82931407276473,1.2951529719259989],[103.829393842691,1.2951868956813726],[103.82945063778281,1.2952091811278394],[103.82972659376925,1.2953122022583377],[103.82977973898834,1.2953311144113142],[103.83002991220559,1.2954274965297836],[103.83012853179353,1.295461542375774],[103.83022523838964,1.2954918965982871],[103.83051523871491,1.2955564324141007],[103.83133777681424,1.2958771273007146],[103.83134293355444,1.2958787434047518],[103.831762227144,1.2960101777554425],[103.83214614421348,1.2961443260186158],[103.83218615006784,1.2961547189977993],[103.83232942194569,1.2961790301943947],[103.83241719887454,1.2961920105762852],[103.83264521061434,1.2962145474205247],[103.83276987006768,1.2962314491258293],[103.83289854781404,1.2962248789408628],[103.83298410265242,1.2962118606224633],[103.8331234676766,1.2961943412824573],[103.8335272758938,1.2961440387031444],[103.83396883730062,1.296078519207128],[103.83407275206969,1.296062738916809],[103.83459016579802,1.295986130871133],[103.83470436439043,1.2959695755089145],[103.8349951348652,1.295926219179347],[103.83511558192374,1.2959089068409726],[103.8354225153851,1.2958644769694814],[103.83559773674469,1.2958368104890197],[103.83577627012455,1.2958014424222393],[103.83596143115408,1.2957638025714282],[103.83599298170577,1.2957572467976235],[103.83615168242835,1.295727328427573],[103.83636229022828,1.2957147122935746],[103.83647057637387,1.2956925877797032],[103.83662832822249,1.295660849798752],[103.83670144806098,1.2956337486010578],[103.8368364038352,1.295587247785934],[103.83694089900266,1.295555393195871],[103.83705067581991,1.2955332505676196],[103.83722473083512,1.2955092819234642],[103.8372733213537,1.295500028386929],[103.8373226774307,1.2954906283411396],[103.83742158457761,1.2954781253386765],[103.83752107129423,1.295471819039201],[103.83762075570034,1.2954717356698735],[103.83772025322011,1.295477874326974],[103.8378191810747,1.2954902114977167],[103.83786929733907,1.2954931017579365],[103.83788522672111,1.2954955046265493],[103.83790322005572,1.2954969533864176],[103.83791833445981,1.2954998509438629],[103.8379392067289,1.2955020240944606],[103.83795719916505,1.295503472853945],[103.83800326120718,1.295509267938779],[103.83806390481192,1.295514873983166],[103.83808315071666,1.2955165117516438],[103.83809826511838,1.2955179605155467],[103.83811337862562,1.2955215815636865],[103.83812993249941,1.2955259279095868],[103.83815152451038,1.295532447434432],[103.8381781537601,1.295541140138094],[103.83838255546301,1.2956135784550853],[103.83845956515955,1.2956280662240507],[103.83851786268325,1.2956396555399774],[103.83858816026218,1.2956544480897612],[103.83887146662943,1.2957014129568247],[103.83919902807007,1.295747610787843],[103.83920483895271,1.2957483812931307],[103.8392847176998,1.295759644969496],[103.83930242620083,1.2957619953717578],[103.83935580689024,1.2957689416708642],[103.83956421511742,1.2957870637304345],[103.8395735860294,1.295787717562993],[103.83993179225818,1.2958097216545201],[103.84002048391194,1.2958159108933496],[103.84003332050334,1.2958153465355648],[103.84018302057615,1.29582466742094],[103.84037517953786,1.2958376481434382],[103.8405757093358,1.2958515838364413],[103.84064350085615,1.2958530740337155],[103.8407125727916,1.2958512786680014],[103.84079477333516,1.2958455637443604],[103.84084868681221,1.295834070915782],[103.84089801860215,1.2958181449034525],[103.84096028670002,1.2957946782570862],[103.84099728237877,1.2957768250787176],[103.84103678946141,1.2957507964341035],[103.84108958415854,1.2957096675684792],[103.84116507150704,1.2956482130318019],[103.84123187352962,1.295586332564283],[103.84124784597515,1.2955660937336861],[103.8412918501856,1.295515639081333],[103.84133076503494,1.2954621457785538],[103.84138626868979,1.2953767057346548],[103.84141391583444,1.2953336497410362],[103.84147875976976,1.29522570816378],[103.8415345122581,1.2951238068671058],[103.84162734194274,1.2949333536607035],[103.84164484454722,1.2948968670039598],[103.841646108791,1.2948948710666086],[103.8416542711028,1.2948781113506331],[103.84165630896103,1.2948665436133606],[103.84170454963822,1.2947721123910354],[103.8418309989298,1.2945047464533481],[103.84188085337188,1.2944087768974424],[103.84193508641846,1.2943152445887869],[103.84199358125932,1.2942243493921375],[103.84205621030173,1.29413629026791],[103.84212283786619,1.2940512562285276],[103.84219332198336,1.2939694308602412],[103.84221471441836,1.2939482152902952],[103.84246449766746,1.2937004862603443],[103.84259218575342,1.2936358219001678],[103.84264835891743,1.2935988006143302],[103.84266528202956,1.2935873268750753],[103.84273171999097,1.293508829569222],[103.84283474665686,1.2934438985009422],[103.8429551431286,1.2934009597063667],[103.8431139143538,1.293305165154615],[103.84312523326963,1.2932984348275756],[103.84320316637313,1.293247937504379],[103.84353397566362,1.293033563738389],[103.84376821247179,1.2928735978234207],[103.84390252845618,1.2931045213994217],[103.84398610429116,1.2932469413266061],[103.84404992190746,1.2933480327662488],[103.84406661244829,1.293374470896844],[103.84409140881766,1.2934186598657187],[103.84412102681289,1.293473485048513],[103.84417569487682,1.2936446033015228],[103.84418768162101,1.2936878599242265],[103.84419966927936,1.293734694214124],[103.84420249344629,1.2937457256441636],[103.84421683176166,1.2938086250606733],[103.84423067859575,1.293876434275853],[103.84424191066279,1.2939423542841004],[103.84424349034055,1.2939515742767036],[103.84425359927302,1.2940276331238143],[103.84426162008657,1.2941256996979882],[103.84426560374469,1.294223166695689],[103.84426444590252,1.2943118541418712],[103.84425972533089,1.2943990584451255],[103.84425186340302,1.294474710405641],[103.84424489633754,1.2945302266793772],[103.84416508327485,1.295171266132833],[103.84410582866097,1.2955550489725436],[103.84410288965657,1.2955861093948084],[103.84410558352207,1.2955937512659994],[103.84410852358018,1.295599421620829],[103.84411219684765,1.2956045981893256],[103.84411685042605,1.2956097747536177],[103.84412028019038,1.2956154451063353],[103.8441227287536,1.2956230860741913],[103.84412604803379,1.2956374238597896],[103.84413665828062,1.2956954216344085],[103.84415239385147,1.2957608234216873],[103.84415718675893,1.2957788265914951],[103.84416592882823,1.2958116703709408],[103.84420619680763,1.2959641379660183],[103.84424284882088,1.296062508281437],[103.84427182629155,1.2961412575305895],[103.8442992564171,1.296207283277528],[103.8443542755976,1.2963122390955297],[103.84440241450841,1.2963884388545637],[103.84446871747913,1.296463525259199],[103.8445473404309,1.296548485462123],[103.84459995491144,1.2966049555745072],[103.84465697407629,1.2966659646728984],[103.8447054462466,1.2967161630316775],[103.84477101237253,1.2967787086045395],[103.84483380555366,1.2968320350934683],[103.84489445748902,1.296881332645413],[103.84510742301568,1.2970414322633783],[103.84513181765776,1.2970570640947006],[103.84526159738988,1.2971281944874224],[103.84532730356536,1.2971594056129931],[103.84555713541208,1.297256888701411],[103.84558347718442,1.2972684752950563],[103.84561726069825,1.297279974128692],[103.84572131312147,1.297305833025329],[103.84589893302865,1.2973491955317586],[103.84601109391302,1.2973738352920476],[103.8460845921891,1.297387276494381],[103.84631909105883,1.2974722005748727],[103.84656292648195,1.2975120664169157],[103.84656416647387,1.2975122689881047],[103.84658739116331,1.297516075337197],[103.8466318439653,1.2975213746801497],[103.84667131342894,1.2975242177939728],[103.84668465141824,1.2975243063509225],[103.84668587074265,1.2975243144837298],[103.84679173901127,1.2975250645419822],[103.84696722719552,1.2974920226286126],[103.84707366962837,1.2974920220491128],[103.84714897927073,1.2974856693780699],[103.84718263692179,1.2974831288321769],[103.84732147541656,1.2974746586872254],[103.847359419113,1.2974703772128902],[103.84742050929519,1.2974642995399137],[103.84757864932052,1.297439198908375],[103.84765111232414,1.2974242909475062],[103.84787395816201,1.2973750442925358],[103.84798980370707,1.297349660813289],[103.84801770705441,1.2973428073740867],[103.84817968917585,1.2973066625795955],[103.84827473703203,1.2972842428134113],[103.84843869414696,1.2972483204643057],[103.84870013775436,1.297189989159927],[103.84871276228041,1.2971871728907907],[103.84872913013561,1.2971835209656095],[103.84873162179473,1.2971829647660071],[103.84875529571413,1.2971798255707434],[103.84877915206323,1.2971808654438313],[103.8488024684126,1.2971860527369412],[103.84882453760729,1.297195230999334],[103.8488446902304,1.2972081225951788],[103.84886231796531,1.2972243350339592],[103.8488768843783,1.2972433790576914],[103.84888794917926,1.2972646767800506],[103.84889517720725,1.2972875824866985],[103.84889538567529,1.297288534781531],[103.84889771568874,1.2973030661005334],[103.84889849571478,1.297317764736613],[103.84889706086166,1.2973376824755956],[103.8488927866068,1.297357182415615],[103.84888576190347,1.2973758594006821],[103.8488761341105,1.297393320031182],[103.84886996026759,1.2974020625637463],[103.84885911581563,1.2974145853699561],[103.84884685435102,1.2974257064194417],[103.84882897341136,1.2974400624163551],[103.84881562111154,1.2974507810300813],[103.84873619200357,1.2975155367498759],[103.84864946226115,1.2975870508297245],[103.84858604872215,1.2976395369301017],[103.8485239821102,1.2976940252843883],[103.8484902608454,1.2977275014549188],[103.84845905012634,1.2977633578980123],[103.84843051438547,1.2978014056005307],[103.84841482683338,1.2978235517796137],[103.84840135689662,1.2978471304591266],[103.84839023396427,1.2978719173558615],[103.8483815631647,1.2978976773343744],[103.8483726237036,1.2979240070642768],[103.84836612918546,1.2979510521320665],[103.84836213262312,1.2979785837331534],[103.84836066905852,1.2980063685412235],[103.84836159020928,1.2980305693373815],[103.84836404966725,1.2980546616005595],[103.84836803754789,1.2980785458506854],[103.84837245218901,1.2980942781540723],[103.84837821644108,1.2981095609800706],[103.8483852871733,1.2981242776658721],[103.8483936104724,1.2981383151661912],[103.84841780849717,1.2981764701713034],[103.84857097540515,1.2983502158092677],[103.84864961656167,1.2984417280033498],[103.84866997768917,1.2984600955278398],[103.84888564758475,1.298666235109797],[103.84893933599469,1.2987274602722962],[103.84906040675784,1.2988687122516591],[103.84912517162343,1.2989440897449696],[103.84923107766565,1.299084790148423],[103.84937876099028,1.2992782961395295],[103.84943435898164,1.299363055563086],[103.84947115212185,1.299430533599865],[103.84950385682761,1.2994889598754],[103.8495373792369,1.2995515010048861],[103.8495610903737,1.2996041665340465],[103.8495723645739,1.2996289234466818],[103.84967337662837,1.299961189119698],[103.8497922332967,1.30035215246536],[103.8500059570669,1.3010862845213804],[103.85002371101947,1.301161354817292],[103.85004202941735,1.3012603925839974],[103.85005781927198,1.301353691268614],[103.85006640516019,1.301397151363936],[103.85009164286221,1.3019802810654217],[103.85008790773568,1.3019996462527856],[103.85009569616139,1.302246233910498],[103.85009661022424,1.3022828353544447],[103.85010870149621,1.3026211499857514],[103.85011919559315,1.3028895780325327],[103.85012406177192,1.3029729830382921],[103.85012716998767,1.3029948849227708],[103.85012871467616,1.3030081501344453],[103.85013296921153,1.3031316863296],[103.85014134915298,1.3032824230752091],[103.85014565365327,1.3033524407731796],[103.85014779693434,1.3033899040681092],[103.85015288839976,1.303435544609181],[103.85015504863102,1.3034545679069423],[103.8501944963467,1.3036857250771572],[103.85021103382346,1.3037804870158398],[103.85022302249754,1.3038208812902308],[103.85026412991272,1.3039283240647452],[103.85028747450876,1.3039823542733409],[103.8503340215624,1.304064909796524],[103.85033630300032,1.3040691666258177],[103.8503674353079,1.3041241988167418],[103.85039156424976,1.3041649674144502],[103.85040588366314,1.3041912626257073],[103.8504451200561,1.304259863848671],[103.8505284135576,1.304398108087581],[103.85066712808836,1.3046041856250403],[103.85068557272595,1.3046292146953111],[103.85087970994222,1.3048786561235135],[103.85101996902246,1.3050693304890588],[103.85076813108859,1.305267198216266],[103.85003269624967,1.3059012994693437],[103.84978556212259,1.3061103829981306],[103.84960344916882,1.3062638087618135],[103.84959126942445,1.306273594067421],[103.84936308905488,1.3064628410954304],[103.84935592856446,1.306468015916323],[103.84923545016439,1.3065658372965847],[103.84910479307764,1.306674397162085],[103.84903329602237,1.306731891695488],[103.84874879757903,1.3069649437352322],[103.84868319765987,1.3070200362295432],[103.84819865125976,1.3074471398715488],[103.84818599798263,1.3074591327274396],[103.84814888008307,1.3074940007298554],[103.84810402304619,1.3075382126738229],[103.8479872826004,1.3076525133059276],[103.84793950545219,1.3077268957754424],[103.84777373246877,1.3078991963066273],[103.84765930469065,1.307984784234626],[103.84736362123297,1.3082859068092072],[103.84709632172628,1.3085480718733937],[103.84682463542757,1.3088056291944916],[103.84667851720752,1.3089906982718575],[103.8463306609183,1.3094298514757567],[103.84627425671172,1.3095016330052665],[103.84621091035983,1.3095817862735166],[103.8460898678591,1.3097702727805747],[103.84600197858697,1.3098595231736736],[103.8458187615907,1.3099878453119906],[103.84576900378546,1.3100321657622822],[103.84574523456956,1.3100502468445048],[103.84565916022156,1.3101145231850386],[103.84552358763108,1.3102013392470864],[103.84537853984959,1.310291052027803],[103.84531611515584,1.3103281638392326],[103.845252830545,1.3103643911845355],[103.84520737758946,1.3103918045047962],[103.84516694209371,1.3104117296605988],[103.84512003167175,1.3104351520247413],[103.84507936974978,1.3104571074789686],[103.84505325530887,1.3104743466021291],[103.84479220846691,1.3105686594911912],[103.84452959631321,1.3106584622932174],[103.84426549522553,1.3107437287807928],[103.8439999833788,1.3108244327265248],[103.84373313804942,1.3109005515205145],[103.84359873317928,1.3109176454759892],[103.84335151051866,1.3110390818637234],[103.8432657918138,1.3110812979520177],[103.84322498518691,1.3111002508857983],[103.84311295881236,1.311155574031025],[103.84283656566357,1.3112912650787623],[103.84272866180493,1.3113439194107175],[103.84260605052016,1.3114045240630252],[103.84237852032825,1.3115156279140179],[103.8422063280211,1.3115864565695097],[103.84158182663411,1.3119017256827104],[103.84145420858869,1.311965681870539],[103.84137386762463,1.3120038399917446],[103.84120883579082,1.312073390687789],[103.84113377737341,1.312105897409454],[103.84064917504584,1.3123082984173078],[103.84040604853386,1.3124090851413457],[103.84031754870819,1.3124463063298204],[103.8402722888268,1.3124656399652797],[103.84020600561023,1.3124947923457528],[103.84010197348232,1.3125430667148965],[103.83984367857181,1.3126671941739216],[103.83965300929138,1.3127585897632614],[103.8396475865514,1.3127611699295503],[103.83963535461763,1.3127696158225837],[103.83961991308006,1.3127841752290843],[103.83960246959258,1.3128062245890262],[103.83959151991633,1.3128257995906631],[103.83958902917058,1.312839331606011],[103.83959152270423,1.3128628975352017],[103.83959750800162,1.31288646255122],[103.83961396054855,1.3129281383483422],[103.83963249416489,1.3129809866616111],[103.83963448089982,1.312997652289328],[103.8396342661885,1.313014437298766],[103.83963185272574,1.31303104596266],[103.83962728274267,1.3130471888841924],[103.83960759314883,1.313177333345253],[103.83957201613634,1.3132434614862292],[103.83953126706209,1.31330649399921],[103.839485610997,1.3133660212060783],[103.83943534356285,1.3134216578464815],[103.83938079003373,1.313473043077837],[103.83932230533601,1.3135198422840735],[103.83926026865711,1.313561754310566],[103.83919508254694,1.3135985051335997],[103.8391736845171,1.3136140503088414],[103.8391546568644,1.3136308326492514],[103.8391356121445,1.3136500160778315],[103.83909067756987,1.313696649748145],[103.83901941288022,1.3137849367073704],[103.838957050103,1.3138657119911783],[103.83892876023829,1.3139023460602877],[103.83872663911596,1.3141357494705337],[103.83863641584252,1.3141999740282129],[103.83860744124858,1.3142243847018285],[103.83842766961271,1.3144105603066614],[103.83832438147536,1.3145114858077458],[103.83822627796008,1.3146101892702104],[103.8381699767274,1.314675686184802],[103.8381492993174,1.31469020670454],[103.83812382995993,1.314715855440912],[103.83811822930703,1.3147215086354165],[103.83809586804149,1.3147509719757757],[103.83782513445374,1.3150321421766258],[103.83754591486243,1.3152939553401122],[103.83748064336079,1.3153554712406725],[103.83730816056489,1.3155178782383328],[103.83722024291468,1.3156004758134052],[103.83714359308193,1.3156823363108108],[103.83700816195955,1.3158323226854798],[103.83696737860922,1.3158780926423723],[103.83692715685035,1.315923014303692],[103.83681012529816,1.3160533650745385],[103.83680204913567,1.31606162826598],[103.83667502839776,1.3162041282794632],[103.83646740415601,1.3164379203868348],[103.83634249047658,1.3165759338270846],[103.83625031904019,1.3166781370943135],[103.83611494082692,1.3168296427518391],[103.83606697533764,1.316886255129824],[103.83604789642328,1.3169042330162695],[103.83585110048965,1.3171230795283753],[103.83579344861406,1.3171861924840838],[103.83570045496135,1.317291346673199],[103.83540598206997,1.3176505036114097],[103.83531032148656,1.3177595818260863],[103.83525091022419,1.3178292676927361],[103.83517617235309,1.3178792646460924],[103.83514463501292,1.3179014957617594],[103.83508341853381,1.3179439774319315],[103.8350626341469,1.3179519810738918],[103.8349049599915,1.3180327617446492],[103.83476434841292,1.31810174586274],[103.8346682303846,1.3181412404260153],[103.83458451325862,1.3181733698334284],[103.83442658837801,1.318254180317756],[103.8341512524557,1.3183431093151998],[103.83392615901435,1.3183862891748919],[103.83382318231627,1.3184182521579366],[103.83360680122304,1.3185012014231308],[103.83356317115265,1.3185133796021986],[103.83342205272564,1.3185441307231107],[103.83314306951486,1.3186302814000417],[103.8330359477777,1.3186643867898333],[103.83292515904817,1.3186990899594186],[103.8327957271638,1.3187404610007405],[103.83269756847123,1.3187712410288972],[103.83253046838107,1.3188500292300465],[103.83237258024461,1.3188984850325587],[103.83215235777338,1.318938365610231],[103.83211123734297,1.3189513902501646],[103.83155840594738,1.3191206734149215],[103.83146750752599,1.3191482257218523],[103.8312275123563,1.319222370770399],[103.83095690261021,1.319297536794053],[103.83083752276231,1.3193392206524315],[103.83048321911392,1.319463525192066],[103.83027942924285,1.3195350176882124],[103.83027728799226,1.3195360414263613],[103.83019734198749,1.3195670836431845],[103.83017939968974,1.319576435655303],[103.83016145739182,1.319585822033148],[103.83012557279557,1.3196045956928075],[103.83010167848475,1.3196171238253103],[103.83008972234371,1.3196234046222086],[103.83006581096002,1.3196359680245613],[103.83004195259059,1.3196485666969728],[103.83001812836577,1.3196612702754986],[103.82997051495883,1.3196867497810758],[103.82996451172866,1.3196897848206952],[103.82994535908342,1.3196963088811644],[103.8299198177302,1.3197049853205571],[103.82988151423626,1.3197180343450183],[103.82986873412466,1.3197223725644036],[103.82984958237746,1.3197288975284933],[103.82984321074196,1.3197310490030263],[103.82983668006342,1.3197327048854854],[103.8297962739652,1.3197398185603944],[103.8297902186215,1.319740874849642],[103.82969773333181,1.3197570736950883],[103.82969725889618,1.3197571786006905],[103.82965741439249,1.3197641159230438],[103.82965441322852,1.3197641846502928],[103.82963763186432,1.3197683085280967],[103.82961837498605,1.319774516058238],[103.8295798783017,1.319786964579587],[103.82955421474377,1.3197952874084227],[103.82949649622331,1.3198140130940894],[103.8294387777019,1.3198328102232109],[103.82941316625887,1.3198412388613228],[103.82910100011263,1.3199409318887088],[103.82901052754931,1.3199679062166945],[103.8289588481954,1.3199833852311975],[103.82889421440815,1.3200025666902773],[103.8286746099433,1.320066977849832],[103.8284836297496,1.3201292827808642],[103.82848486795208,1.3201305299021515],[103.8281652042025,1.320235526894799],[103.8280115309984,1.3202863111656162],[103.82794751449727,1.3203074794902985],[103.82787707424046,1.320330734168386],[103.82780665285198,1.3203539879401331],[103.82774900529068,1.3203730011729222],[103.82766705906589,1.3203973274910696],[103.82764419269317,1.3204036634172587],[103.82762986616521,1.3204082385649911],[103.82753943666151,1.3204517627120789],[103.82744302731201,1.3204855377906535],[103.8272934892114,1.3205381714521387],[103.82717847266832,1.3205577759850897],[103.82706332403612,1.3205774365829461],[103.82691272114423,1.3206274792138595],[103.82666554621018,1.3207224133334183],[103.82662203737601,1.3207331543544805],[103.82656375182941,1.3207505044311492],[103.82649069047719,1.3207711599183232],[103.82616608271553,1.3208803628372268],[103.82585497569038,1.320985035791638],[103.82578163389596,1.3210325852526161],[103.8257337228377,1.3211112223243475],[103.82572110427475,1.3211735737056864],[103.82572524645134,1.321223102152389],[103.82579767356458,1.3214609213352224],[103.82583186047535,1.3215682794700139],[103.8258351599014,1.3215880977267287],[103.82588605346486,1.3217430408655169],[103.82600156568554,1.3221620170687591],[103.8260371390318,1.3222864731220898],[103.8260442465363,1.322303394709763],[103.82617460614179,1.3225339728027214],[103.82622451773136,1.322652140847348],[103.82630391224005,1.3229162788526057],[103.82637350390664,1.3230521417482854],[103.82640172460808,1.3231097200106037],[103.8265403985261,1.323368320748823],[103.82656149285755,1.3234077095038197],[103.82659824260384,1.3234771982693123],[103.82660173435998,1.3234854641715346],[103.82683039079507,1.3239232333345148],[103.82684161187584,1.3239447165457314],[103.82685949298792,1.3239846415777947],[103.82687245541342,1.3240264467708753],[103.82688030955889,1.3240695207740658],[103.82688294041083,1.3241132341493342],[103.82688000561537,1.3241593965294074],[103.82687059037949,1.3242331284479443],[103.82684277598304,1.3244509518285295],[103.82680615849769,1.324650535055096],[103.82677870366538,1.3248101227800055],[103.82675595286335,1.3249302476625868],[103.82672553153495,1.3252268484263485],[103.82672338904192,1.325355206698867],[103.82672817974199,1.3255024653058856],[103.8267328655288,1.3255677577303036],[103.82674071231304,1.325677036649076],[103.82676070383864,1.325831080744003],[103.82678350611634,1.3259577786690482],[103.8268288098376,1.3261442569626367],[103.82682984585979,1.3261484622607989],[103.82683095106898,1.3261533024230974],[103.82687026956822,1.3263236350785235],[103.82690514304873,1.32644556070166],[103.82691256683917,1.3264713450603045],[103.8269370450442,1.3265553027165224],[103.82694457396624,1.3265810509007399],[103.82694523260089,1.3265833109095968],[103.82696502488733,1.326651197994287],[103.8269757247869,1.326685564781273],[103.82697662243554,1.3266884451848555],[103.82699431572853,1.3267452004399356],[103.82699927750633,1.3267611163653696],[103.82700670759343,1.3267849726183565],[103.82701137824203,1.326799968804212],[103.82702284909662,1.3268367384896882],[103.82702482769774,1.3268430961779205],[103.8270260892616,1.3268457803352973],[103.82714385229872,1.3270991329515343],[103.82723240271578,1.3272420969376526],[103.82731018407381,1.3273396039118892],[103.82739591861339,1.3274090882613898],[103.82749456900561,1.3274697125786337],[103.82750436414152,1.327474068926159],[103.82749362979544,1.3275636444053867],[103.8274824003351,1.3276573573513517],[103.82745869509156,1.3278551843371367],[103.82745819278952,1.3278593498392623],[103.82739336704735,1.3284002890343996],[103.82738672112009,1.3284895100114176],[103.82738502809576,1.3285507083591617],[103.82739098624427,1.328622316866198],[103.82741043250535,1.3287362758951047],[103.8274319697506,1.3288315995920807],[103.82746649107452,1.328947181086633],[103.82751610088836,1.3290864777689713],[103.82755395952007,1.3291738946436953],[103.82758527582104,1.329240136710063],[103.82762603141963,1.3293191891223237],[103.82768310474489,1.329417651948575],[103.8277392148495,1.3295043960149655],[103.82779969373912,1.3295894118491671],[103.82786557743906,1.329677109134877],[103.82793844833535,1.329754217229256],[103.82800280995934,1.329810150510641],[103.82804664233075,1.3298443111688565],[103.82809196720785,1.3298768114161013],[103.82814243272325,1.3299093469436083],[103.8282074638144,1.3299485521893442],[103.82830688799343,1.3300042702969637],[103.82843854782858,1.3300783741970201],[103.82861456662351,1.3301798252562924],[103.82871900468996,1.3302745775408036],[103.82876655344633,1.3303414183115205],[103.82880976483627,1.3304300705381984],[103.82881153588274,1.3304340226146736],[103.82892249990617,1.3306824400095907],[103.82895974672032,1.3307554222976632],[103.82897587035762,1.3307849254119513],[103.82899880234187,1.3308215929143479],[103.82904022746636,1.3308828220864917],[103.82908844207317,1.3309495923114323],[103.82909131924293,1.33095358056419],[103.82909523154751,1.3309586269252878],[103.82913020147683,1.3310037629170794],[103.82919299874112,1.3310793199710838],[103.82925095460867,1.3311427006507617],[103.8293108046362,1.331205728629972],[103.82938178238928,1.3312671314825306],[103.82944226773434,1.331309760612206],[103.82954683172389,1.331374267292271],[103.8299991376322,1.3316307357941448],[103.8301589466451,1.3317315301509602],[103.83024495639668,1.3317827959753148],[103.83042067705927,1.3318897427271557],[103.83055041863251,1.3319702096199342],[103.83065027424207,1.3320354252691582],[103.83082043106087,1.3321593984577886],[103.83099192224894,1.3322878563796665],[103.83099697932177,1.332291629393471],[103.83107301692424,1.3323482372605426],[103.8311168017574,1.3323844661451079],[103.83117943471214,1.332424506037818],[103.83128188809742,1.3324732604195648],[103.83128655789443,1.3324754851603056],[103.83129087366082,1.332476861606779],[103.83141793223396,1.332517062523163],[103.83174501937411,1.3326122480321048],[103.831760375706,1.3326152116447],[103.8317650958237,1.332616128673398],[103.83190435142207,1.3326533949092791],[103.83199230932803,1.332676403802304],[103.83206889600307,1.3326940814572095],[103.83240526799293,1.3327509055465387],[103.83240976077633,1.3327516462228162],[103.83250415325769,1.3327675920126103],[103.83250421166387,1.3327676245697542],[103.83256431881271,1.3327914166123291],[103.83268707692855,1.332837129563429],[103.83283912620126,1.3328915940503263],[103.83294557642161,1.3329249994877417],[103.83315707063035,1.332979774160592],[103.83323463854725,1.3329947106500655],[103.83337980938839,1.333016080786226],[103.83348475543592,1.3330282779468345],[103.83350460455641,1.3330274956701795],[103.83365969007622,1.3330350886992754],[103.83369013857418,1.3330412980621091],[103.83373008212139,1.3330406179738084],[103.83382127036435,1.3330352270401695],[103.83389389082768,1.333026697962425],[103.83396893379876,1.333014317193226],[103.83401601997123,1.3330046287229862],[103.83415645360968,1.3329707231479662],[103.83433635544795,1.33292345646697],[103.83443000212536,1.3328925280631057],[103.83450211488903,1.3328653491615103],[103.8345530441774,1.3328424135469665],[103.83462780767381,1.3328020236827904],[103.8347357404774,1.332737043220677],[103.83488079173401,1.3326393808039507],[103.83547421078808,1.3322131614761425],[103.83555808289704,1.3321493874207775],[103.83563827002305,1.3320873090495504],[103.83578823449693,1.3319736013378372],[103.83587259629407,1.331901146275609],[103.83598647743307,1.3318023723609187],[103.83608212505654,1.3317028225165999],[103.8361352844863,1.3316471814261264],[103.83620785270533,1.331570134002366],[103.83643952985148,1.3313124965313743],[103.83651871411855,1.3312339650275784],[103.83658508859297,1.331177513599305],[103.83667420730968,1.3311152316998995],[103.83677573419723,1.3310629484345786],[103.83685990369862,1.331029246264644],[103.83689533643678,1.331011829960409],[103.83710927091667,1.3309805304865492],[103.83848002869776,1.3308252992383356],[103.83873917219061,1.3307941044332334],[103.83890210910498,1.330773301874533],[103.83917866928827,1.3307379930289203],[103.83916893257513,1.330754888391098],[103.83912581016612,1.3308373837254635],[103.83910239662029,1.330892852077442],[103.83906600623463,1.3309951475527837],[103.8390183758702,1.3311249022751117],[103.83901286507137,1.3311450026948626],[103.8389798711879,1.33123286088486],[103.83893017055667,1.3313696099656183],[103.83887973236935,1.3315797690320674],[103.83883999934783,1.3316878687229268],[103.83874628302102,1.3318733333042097],[103.83874207150528,1.3318816706504546],[103.83874179115723,1.3318823769598],[103.83869186134261,1.3320073276954898],[103.838610325004,1.3322292146229664],[103.83855509554114,1.3323788943116082],[103.83841083577992,1.3327720444992874],[103.83833338870448,1.3329845703303156],[103.83824484987589,1.3332205174141791],[103.83820076420422,1.333335434202195],[103.8381616286396,1.333430180936866],[103.83812294862284,1.3335158487541843],[103.83809272756834,1.3335749155753742],[103.83805789062858,1.3336359593460045],[103.83801668382733,1.3337030090133246],[103.83796563154789,1.3337776544564772],[103.83791910527592,1.3338405711861545],[103.83787330142842,1.3338963172070404],[103.83784120234034,1.333934222802293],[103.83779953812548,1.3339806411981376],[103.83773007619402,1.3340554639252549],[103.8376450818199,1.3341428627712608],[103.83757525057007,1.3342164483238566],[103.83750636640251,1.334294202089024],[103.83744420522696,1.3343661986561928],[103.83737855048024,1.3344525366405613],[103.83732458415254,1.3345321280445264],[103.83728393891934,1.334601933296984],[103.83724181917705,1.3346881654287417],[103.8372088602155,1.3347681809433127],[103.83718615107716,1.3348353372817625],[103.83716800390218,1.3348947920443364],[103.83715414014293,1.3349496191666725],[103.83714089100782,1.3350118295201003],[103.83712672718812,1.3351051617719378],[103.83711981290676,1.3351831279544268],[103.83711733840013,1.3352622951260893],[103.83711995427744,1.3353773185352187],[103.83713295931139,1.3355131142772634],[103.83715052721283,1.3356421625481167],[103.83727009767323,1.336379216743801],[103.83734126417869,1.3368157832324465],[103.83739932036772,1.337024316031844],[103.83741371096572,1.3371376084655953],[103.83741018453952,1.3373892759369101],[103.83741415094187,1.337489461432625],[103.8374185747357,1.33760469736193],[103.83741632768223,1.337750702496538],[103.83741455862052,1.3378717896744368],[103.83741064473178,1.3380126118984292],[103.83741104648612,1.3380723506006864],[103.83742251956257,1.338241048026329],[103.83742046639242,1.3382631271851977],[103.83742503483357,1.338364832011558],[103.83743130239232,1.3384318815865641],[103.83743247322897,1.3384406349287843],[103.83744585653048,1.338540720927623],[103.83746428702385,1.3386321810889743],[103.83750216511406,1.3387740152249152],[103.83753224901476,1.3388609870045016],[103.83754647236537,1.3388966885779703],[103.83749586137675,1.339101338215607],[103.83745414425783,1.3392700239732283],[103.8374445450407,1.3393238969835273],[103.83742587129096,1.3393877668543586],[103.83738389252657,1.3394619537542483],[103.83725256664928,1.3396778357261185],[103.83721086731781,1.3397463694398746],[103.83700381371911,1.3400937018030583],[103.8366756642012,1.3406706235253152],[103.836564590826,1.3408799343178888],[103.83652694576189,1.3409525665938933],[103.83641095367983,1.3411896884026098],[103.83634083020368,1.3412969642073564],[103.83629000774388,1.3413677217481292],[103.83623754091161,1.3414342920821396],[103.83619437415578,1.3414871884128452],[103.83610706119642,1.341582526619422],[103.83610436462102,1.3415851981152234],[103.8360374318618,1.3416514844908098],[103.83601745959342,1.3416736387300343],[103.83601138263961,1.341680378965334],[103.8360108641712,1.3416810255865206],[103.8357410897999,1.3419802457146546],[103.83570397652662,1.3419327241099888],[103.83561448883633,1.3418330180099196],[103.83560290638772,1.3418224912180212],[103.83554725852387,1.3417770469533743],[103.8354715368264,1.3417255886812638],[103.83541857567059,1.341690852086916],[103.83538803899138,1.3416709642332454],[103.835323346233,1.341628831753824],[103.83528157215838,1.3416011935042242],[103.83517042024187,1.3415340445267192],[103.83505947499408,1.3414581684265205],[103.8349732042206,1.3414022606728522],[103.83491852682955,1.3413677682470726],[103.83471762674138,1.341238815939919],[103.83458914163022,1.341156246626288],[103.83443936964461,1.3410686228223734],[103.83414680752404,1.3409232192129696],[103.83407296387766,1.3408912951695515],[103.83398742098478,1.340854523733313],[103.8338793781593,1.3408129410800433],[103.8338080145457,1.3407880801147765],[103.833737181084,1.340764982658108],[103.83363953011033,1.3407354569799919],[103.83363680298173,1.3407346321999047],[103.83354025274625,1.3407079896317022],[103.83341759935578,1.3406781184794208],[103.83332241493547,1.3406582495926624],[103.83311786682674,1.3406440872349834],[103.8329724978535,1.340645100106015],[103.83287707082324,1.3406452357446679],[103.83275267423193,1.340642567842869],[103.8326531318018,1.340631688312071],[103.83253762196914,1.3406188915192776],[103.83242656000665,1.340608834947116],[103.83231795110845,1.3406092237809557],[103.83220782363989,1.3406196872298426],[103.83202378963918,1.3406377744278741],[103.83178177158052,1.340661613333952],[103.83134570955173,1.3407044527634202],[103.83067287432364,1.340768274028172],[103.83064939315902,1.340771776606106],[103.83059365549464,1.3407800541922847],[103.83058135870398,1.3407816331988303],[103.83044757033966,1.3407988087344747],[103.8304073813546,1.3408035511739302],[103.82988699481216,1.3408683102257515],[103.8286211079804,1.3410980157818502],[103.82818983867149,1.3411730681178626],[103.82794826528938,1.341206890827226],[103.82781515082,1.3412168828521873],[103.82765723789507,1.341227197670235],[103.82723388588545,1.341245769579034],[103.82705238478808,1.3412852645233406],[103.8269581779676,1.3412892425776333],[103.82676400913357,1.3412658696648807],[103.82675540902028,1.3412648124395403],[103.82675502353803,1.3412648468043487],[103.82567222017862,1.3413071018741722],[103.82551749714858,1.341310633829557],[103.82541573973604,1.3413116807544847],[103.82530581892028,1.3413087375920818],[103.82522117100363,1.3413043393866773],[103.82508678153619,1.3412922493901676],[103.82495309115832,1.3412776163156974],[103.82482005045571,1.3412586721306308],[103.82468716432238,1.3412354882781108],[103.82455513632942,1.3412085929095678],[103.82442423065424,1.34117791729441],[103.82414234915822,1.341096361560154],[103.82402118032098,1.3410568864936265],[103.8225538361814,1.3405714211935302],[103.82254014662735,1.3405712122246498],[103.82236022278546,1.3405418195740055],[103.82227240399814,1.3405120881938022],[103.82208550133369,1.3404209717103628],[103.82207788068082,1.3404143309266774],[103.82141628316026,1.3401951315294962],[103.82126444486279,1.34013919764641],[103.82122928519573,1.3401262035628407],[103.82109136558948,1.3400706902676611],[103.82097729822674,1.340019341684359],[103.8208370882881,1.3399473291374606],[103.8207129365248,1.3398726279901898],[103.82056934634666,1.3397765900633787],[103.82045034702003,1.3396863410954647],[103.8203538520692,1.3396052389842652],[103.82026674616732,1.3395245583535],[103.82025171604572,1.3395098994287782],[103.82019637227701,1.3394558877703757],[103.82013472247982,1.3393912072886476],[103.82007245001721,1.33932042234165],[103.8199911435272,1.3392226564786185],[103.8199005056482,1.339099160487248],[103.81985490054701,1.3390326605054752],[103.81979510825994,1.33893713034381],[103.81975689262943,1.3389222216824792],[103.81971255098249,1.338842444729928],[103.81969782318679,1.3387549030689025],[103.81963876248562,1.3386330124911137],[103.8195662416157,1.3384687424111987],[103.81948142420609,1.3382640227483027],[103.81937505475985,1.3380808177903658],[103.81932856580134,1.337962897436815],[103.81927424913553,1.3377517840842241],[103.81915350703882,1.3374547213513628],[103.81896772552956,1.3370020080552343],[103.81896746315404,1.3370014075556584],[103.81895958291898,1.336980635160944],[103.8189561783231,1.3369735340707944],[103.81870467318427,1.3364480117878637],[103.81867276761444,1.3363755918953981],[103.8184770879243,1.3358953948628614],[103.81838523333927,1.3356654523904352],[103.8183323387405,1.3355333298370744],[103.81824996012234,1.335344155265276],[103.81812735791986,1.335100752935502],[103.81801094976889,1.334958738944094],[103.81799866480557,1.334940192159544],[103.8178573537181,1.334707282135603],[103.81776514768349,1.334511429657083],[103.81766409591798,1.3343705109322173],[103.81760560211067,1.334295687958159],[103.81750795575621,1.3341764595273362],[103.81740007670746,1.334047057829473],[103.81725964317661,1.3338820103855296],[103.81721885740522,1.3337844725948618],[103.81721713758238,1.3337821058615784],[103.8172050637901,1.3337638059659087],[103.81700453984283,1.3335146106090725],[103.81686505355627,1.3333331715418042],[103.81672421680695,1.3331445961169515],[103.81664252257961,1.333031196389115],[103.81659101419251,1.3329596951692735],[103.81640418354623,1.3327003555999404],[103.81635830307042,1.332725442354097],[103.81621628924405,1.3328030891987068],[103.8151552853629,1.333387810182946],[103.81489077169755,1.3335183396550288],[103.81483899936272,1.333542185547583],[103.81459042087259,1.3336465735465024],[103.81449661665177,1.333680769561053],[103.81432943518443,1.3337381384390525],[103.81416823905386,1.333788301376014],[103.81406534324711,1.333819211746313],[103.81274033655424,1.334230968955733],[103.81259202209596,1.3342789062550706],[103.81238089543501,1.3343681751781387],[103.81225379760642,1.334426674711306],[103.81206632897135,1.3345235395679507],[103.81194539155213,1.3345918252664732],[103.81176292322176,1.3347050808450087],[103.81157150510128,1.334834445774406],[103.81156771406484,1.3348370240837857],[103.81141465996905,1.3349513054466597],[103.81133278915382,1.3350130203518078],[103.81092510083573,1.3353333940935015],[103.80964594357876,1.3364915699403022],[103.80963146498777,1.3365046758494818],[103.80812796315436,1.3378666472033605],[103.80796702887247,1.3380180207669181],[103.8077497050265,1.3382175086290808],[103.807456828521,1.3385038291249325],[103.80655125252514,1.3392876952893644],[103.80647553918088,1.3393576759828811],[103.80621516020686,1.3395963041177634],[103.8059346335263,1.339849485933071],[103.80557611190258,1.3401769947277513],[103.80530358762147,1.3404336384645708],[103.80529744500336,1.3404394326565146],[103.80529472503184,1.340442258763923],[103.80476913876319,1.3409843386163727],[103.80469697088454,1.341067072639693],[103.80450606573257,1.3412859283750798],[103.80420099607691,1.341635663246934],[103.80394419203714,1.3418722274078885],[103.80388638067602,1.341931645256557],[103.803628335263,1.3422014311923907],[103.8036250177375,1.3422048930586568],[103.80210880576202,1.3438114565251793],[103.80210454113585,1.3438159782920565],[103.80096775261292,1.345022048093363],[103.79900587365854,1.347099046576598],[103.79876611493272,1.3473521584525785],[103.79855770120355,1.3475694145182742],[103.79828633356169,1.3478299443891768],[103.79804006333146,1.348046845347887],[103.79780822082134,1.3482328009551292],[103.79768870085252,1.3483229516542259],[103.79732101801822,1.3485778973487368],[103.7971650647704,1.348677197835675],[103.79716374836454,1.3486780108394638],[103.79715607906749,1.3486825669119307],[103.79699115638385,1.3487800304892048],[103.79674894243354,1.3489114761825474],[103.79652147143157,1.3490256821794526],[103.7962297475085,1.3491589294628141],[103.79598641074686,1.3492596411453421],[103.7958080459999,1.349323366218828],[103.79561158688601,1.349387268251973],[103.79526287744702,1.3494871290154447]]]},"properties":{"objectid":322,"name":"Central Tree Conservation Area","region":"South Central of Singapore","more_info":"https://www.nparks.gov.sg/gardens-parks-and-nature/tree-conservation-areas","fmel_upd_d":"20160914110918","area_sq_km":48.1982}}]}